Site,Region,PlotMix,CodeOriginal,Code,Name,Native,Duration,Lifeform,SpeciesSeeded
Creosote,Chihuahuan,Warm,ACNA2,ACNA2,Acourtia nana,Native,Perennial,Forb,No
Creosote,Chihuahuan,None,AMCH3,AMCH3,Ammocodon chenopodioides,Native,Perennial,Forb,No
Creosote,Chihuahuan,None,BAAB,BAAB,Bahia absinthifolia,Native,Perennial,Forb,No
Creosote,Chihuahuan,Warm,BAAB,BAAB,Bahia absinthifolia,Native,Perennial,Forb,No
Creosote,Chihuahuan,Medium,BAAB,BAAB,Bahia absinthifolia,Native,Perennial,Forb,No
Creosote,Chihuahuan,Medium,BAMU,BAMU,Baileya multiradiata,Native,Unknown,Forb,No
Creosote,Chihuahuan,Medium,BOERH2,BOERH2,Boerhavia,Native,Unknown,Forb,No
Creosote,Chihuahuan,Medium,BOAR,BOAR,Bouteloua aristidoides,Native,Annual,Grass,No
Creosote,Chihuahuan,None,BOAR,BOAR,Bouteloua aristidoides,Native,Annual,Grass,No
Creosote,Chihuahuan,Warm,BOAR,BOAR,Bouteloua aristidoides,Native,Annual,Grass,No
Creosote,Chihuahuan,Warm,BOBA2,BOBA2,Bouteloua barbata,Native,Annual,Grass,No
Creosote,Chihuahuan,Medium,BOBA2,BOBA2,Bouteloua barbata,Native,Annual,Grass,No
Creosote,Chihuahuan,None,BOBA2,BOBA2,Bouteloua barbata,Native,Annual,Grass,No
Creosote,Chihuahuan,Medium,CHAMA,CHAMA.Creosote,"Chamaesyce spp., Creosote",Native,Unknown,Forb,No
Creosote,Chihuahuan,Warm,CHAMA,CHAMA.Creosote,"Chamaesyce spp., Creosote",Native,Unknown,Forb,No
Creosote,Chihuahuan,Medium,Unkcrypt,Unkcrypt.Creosote,"Cryptantha spp., Creosote",Native,Unknown,Forb,No
Creosote,Chihuahuan,Medium,DAPU7,DAPU7,Dasyochloa pulchella,Native,Perennial,Grass,No
Creosote,Chihuahuan,Warm,DAPU7,DAPU7,Dasyochloa pulchella,Native,Perennial,Grass,No
Creosote,Chihuahuan,None,DAPU7,DAPU7,Dasyochloa pulchella,Native,Perennial,Grass,No
Creosote,Chihuahuan,None,Eriogonum,Eriogonum.Creosote,"Eriogonum spp., Creosote",Native,Unknown,Forb,No
Creosote,Chihuahuan,Warm,KAHI,KAHI,Kallstroemia hirsutissima,Native,Annual,Forb,No
Creosote,Chihuahuan,Medium,KAHI,KAHI,Kallstroemia hirsutissima,Native,Annual,Forb,No
Creosote,Chihuahuan,Warm,LATR2,LATR2,Larrea tridentata,Native,Perennial,Shrub,No
Creosote,Chihuahuan,Medium,LATR2,LATR2,Larrea tridentata,Native,Perennial,Shrub,No
Creosote,Chihuahuan,None,MOCE,MOCE,Mollugo cerviana,Introduced,Annual,Forb,No
Creosote,Chihuahuan,Medium,MOCE,MOCE,Mollugo cerviana,Introduced,Annual,Forb,No
Creosote,Chihuahuan,Warm,MOCE,MOCE,Mollugo cerviana,Introduced,Annual,Forb,No
Creosote,Chihuahuan,None,PAHI5,PAHI5,Panicum hirticaule,Native,Annual,Grass,No
Creosote,Chihuahuan,Medium,PAHI5,PAHI5,Panicum hirticaule,Native,Annual,Grass,No
Creosote,Chihuahuan,Warm,PAHI5,PAHI5,Panicum hirticaule,Native,Annual,Grass,No
Creosote,Chihuahuan,Warm,SOEL,SOEL,Solanum elaeagnifolium,Native,Perennial,Forb,No
Creosote,Chihuahuan,None,SOEL,SOEL,Solanum elaeagnifolium,Native,Perennial,Forb,No
Creosote,Chihuahuan,Medium,SOEL,SOEL,Solanum elaeagnifolium,Native,Perennial,Forb,No
Creosote,Chihuahuan,Medium,TAPO5,TAPO5,Talinum polygaloides,Native,Perennial,Forb,No
Creosote,Chihuahuan,Warm,TILA2,TILA2,Tidestromia lanuginosa,Native,Annual,Forb,No
Creosote,Chihuahuan,None,TILA2,TILA2,Tidestromia lanuginosa,Native,Annual,Forb,No
Creosote,Chihuahuan,Medium,TILA2,TILA2,Tidestromia lanuginosa,Native,Annual,Forb,No
Creosote,Chihuahuan,Warm,Unkfabaceae,Unkfabaceae.Creosote,"Unknown fabaceae, Creosote",Unknown,Unknown,Forb,No
Creosote,Chihuahuan,None,UnkForb1,UnkForb1.Creosote,"Unknown forb 1, Creosote",Unknown,Unknown,Forb,No
Creosote,Chihuahuan,Warm,Unkforb,Unkforb.Creosote,"Unknown forb, Creosote",Unknown,Unknown,Forb,No
Creosote,Chihuahuan,Warm,Unkforb1,Unkforb1.Creosote,"Unknown forb, Creosote",Unknown,Unknown,Forb,No
Creosote,Chihuahuan,Medium,Unksalsola,Unksalsola.Creosote,"Unknown forb; A very small (tiny really) forb germinant that has linear leaves like a small Salsola would. Unlikely to be salsola but best way to distinguish it from other unks., Creosote",Unknown,Unknown,Forb,No
Creosote,Chihuahuan,None,Unksalsola,Unksalsola.Creosote,"Unknown forb; A very small (tiny really) forb germinant that has linear leaves like a small Salsola would. Unlikely to be salsola but best way to distinguish it from other unks., Creosote",Unknown,Unknown,Forb,No
Creosote,Chihuahuan,Warm,Unkgrass2,Unkgrass2.Creosote,"Unknown grass 2, Creosote",Unknown,Unknown,Grass,No
Creosote,Chihuahuan,Warm,Unkgrass,Unkgrass.Creosote,"Unknown grass, Creosote",Unknown,Unknown,Grass,No
Creosote,Chihuahuan,Medium,Unksporo,Unksporo.Creosote,"Unknown grass; Sporobolus and Eragrostis, Creosote",Unknown,Unknown,Grass,No
Creosote,Chihuahuan,None,Unksporo,Unksporo.Creosote,"Unknown grass; Sporobolus and Eragrostis, Creosote",Unknown,Unknown,Grass,No
Creosote,Chihuahuan,Warm,Unksporo,Unksporo.Creosote,"Unknown grass; Sporobolus and Eragrostis, Creosote",Unknown,Unknown,Grass,No
Mesquite,Chihuahuan,Warm,AMPA,AMPA,Amaranthus palmeri,Native,Annual,Forb,No
Mesquite,Chihuahuan,Medium,AMPA,AMPA,Amaranthus palmeri,Native,Annual,Forb,No
Mesquite,Chihuahuan,None,AMPA,AMPA,Amaranthus palmeri,Native,Annual,Forb,No
Mesquite,Chihuahuan,None,BAHI,BAHI,Balsamorhiza hookeri,Native,Perennial,Forb,No
Mesquite,Chihuahuan,Warm,BOERH2,BOERH2,Boerhavia,Native,Unknown,Forb,No
Mesquite,Chihuahuan,Warm,BOBA2,BOBA2,Bouteloua barbata,Native,Annual,Grass,No
Mesquite,Chihuahuan,Medium,BOBA2,BOBA2,Bouteloua barbata,Native,Annual,Grass,No
Mesquite,Chihuahuan,None,BOBA2,BOBA2,Bouteloua barbata,Native,Annual,Grass,No
Mesquite,Chihuahuan,None,CHAMA,CHAMA.Mesquite,"Chamaesyce spp., Mesquite",Native,Unknown,Forb,No
Mesquite,Chihuahuan,Medium,CHAMA,CHAMA.Mesquite,"Chamaesyce spp., Mesquite",Native,Unknown,Forb,No
Mesquite,Chihuahuan,None,CRPO5,CRPO5,Croton pottsii,Native,Perennial,Forb,No
Mesquite,Chihuahuan,Medium,CRPO5,CRPO5,Croton pottsii,Native,Perennial,Forb,No
Mesquite,Chihuahuan,Warm,CRPO5,CRPO5,Croton pottsii,Native,Perennial,Forb,No
Mesquite,Chihuahuan,Medium,HOGL2,HOGL2,Hoffmannseggia glauca,Native,Perennial,Forb,No
Mesquite,Chihuahuan,Medium,KAHI,KAHI,Kallstroemia hirsutissima,Native,Annual,Forb,No
Mesquite,Chihuahuan,Warm,KAHI,KAHI,Kallstroemia hirsutissima,Native,Annual,Forb,No
Mesquite,Chihuahuan,Warm,PAHI7,PAHI7,Oplismenus hirtellus (Panicum hirtellum),Introduced,Perennial,Grass,No
Mesquite,Chihuahuan,Warm,PAHI5,PAHI5,Panicum hirticaule,Native,Annual,Grass,No
Mesquite,Chihuahuan,Medium,PAHI5,PAHI5,Panicum hirticaule,Native,Annual,Grass,No
Mesquite,Chihuahuan,None,PAHI5,PAHI5,Panicum hirticaule,Native,Annual,Grass,No
Mesquite,Chihuahuan,Medium,PEPA2,PEPA2,Pectis papposa,Native,Annual,Forb,No
Mesquite,Chihuahuan,Warm,POPI3,POPI3,Portulaca pilosa,Native,Unknown,Forb,No
Mesquite,Chihuahuan,None,POPI3,POPI3,Portulaca pilosa,Native,Unknown,Forb,No
Mesquite,Chihuahuan,Medium,POPI3,POPI3,Portulaca pilosa,Native,Unknown,Forb,No
Mesquite,Chihuahuan,Medium,PRGL2,PRGL2,Prosopis glandulosa,Native,Perennial,Shrub,No
Mesquite,Chihuahuan,Warm,SEBA2,SEBA2,Senna bacillaris,Native,Perennial,Shrub,No
Mesquite,Chihuahuan,Warm,SOEL,SOEL,Solanum elaeagnifolium,Native,Perennial,Forb,No
Mesquite,Chihuahuan,Medium,SOEL,SOEL,Solanum elaeagnifolium,Native,Perennial,Forb,No
Mesquite,Chihuahuan,None,SOEL,SOEL,Solanum elaeagnifolium,Native,Perennial,Forb,No
Mesquite,Chihuahuan,Warm,TILA2,TILA2,Tidestromia lanuginosa,Native,Annual,Forb,No
Mesquite,Chihuahuan,Medium,TILA2,TILA2,Tidestromia lanuginosa,Native,Annual,Forb,No
Mesquite,Chihuahuan,Medium,Unkaster,Unkaster.Mesquite,"Unknown aster, Mesquite",Unknown,Unknown,Forb,No
Mesquite,Chihuahuan,Medium,UNK Fuzzy astr,UNK Fuzzy astr.Mesquite,"Unknown fuzzy aster, Mesquite",Unknown,Unknown,Forb,No
Mesquite,Chihuahuan,Warm,Unkgrass,Unkgrass.Mesquite,"Unknown grass, Mesquite",Native,Unknown,Grass,No
Mesquite,Chihuahuan,Medium,Unksporo,Unksporo.Mesquite,"Unknown grass; Sporobolus and Eragrostis, Mesquite",Unknown,Unknown,Grass,No
Mesquite,Chihuahuan,Warm,Unksporo,Unksporo.Mesquite,"Unknown grass; Sporobolus and Eragrostis, Mesquite",Unknown,Unknown,Grass,No
Mesquite,Chihuahuan,None,Unksporo,Unksporo.Mesquite,"Unknown grass; Sporobolus and Eragrostis, Mesquite",Unknown,Unknown,Grass,No
Mesquite,Chihuahuan,Warm,VEEN,VEEN,Verbesina encelioides,Native,Annual,Forb,No
Mesquite,Chihuahuan,Medium,VEEN,VEEN,Verbesina encelioides,Native,Annual,Forb,No
Mesquite,Chihuahuan,Warm,ZIGR,ZIGR,Zinnia grandiflora,Native,Perennial,Forb,No
Mesquite,Chihuahuan,None,ZIGR,ZIGR,Zinnia grandiflora,Native,Perennial,Forb,No
AguaFria,Colorado Plateau,Warm,ASTU,ASTU,Asclepias tuberosa,Native,Perennial,Forb,No
AguaFria,Colorado Plateau,Med-Warm,ASTU,ASTU,Asclepias tuberosa,Native,Perennial,Forb,No
AguaFria,Colorado Plateau,Med-Warm,ASNU5,ASNU5,Astragalus nuttallii,Introduced,Perennial,Forb,No
AguaFria,Colorado Plateau,Med-Warm,AVFA,AVFA,Avena fatua,Introduced,Annual,Grass,No
AguaFria,Colorado Plateau,Warm,AVFA,AVFA,Avena fatua,Introduced,Annual,Grass,No
AguaFria,Colorado Plateau,None,AVFA,AVFA,Avena fatua,Introduced,Annual,Grass,No
AguaFria,Colorado Plateau,Med-Warm,BRNI,BRNI,Brassica nigra,Introduced,Annual,Forb,No
AguaFria,Colorado Plateau,None,BRNI,BRNI,Brassica nigra,Introduced,Annual,Forb,No
AguaFria,Colorado Plateau,Warm,BRNI,BRNI,Brassica nigra,Introduced,Annual,Forb,No
AguaFria,Colorado Plateau,Med-Warm,BRRU2,BRRU2,Bromus rubens,Introduced,Annual,Grass,No
AguaFria,Colorado Plateau,Warm,BRRU2,BRRU2,Bromus rubens,Introduced,Annual,Grass,No
AguaFria,Colorado Plateau,Med-Warm,CHAL11,CHAL11,Chamaesyce albomarginata,Native,Perennial,Forb,No
AguaFria,Colorado Plateau,None,CHAL11,CHAL11,Chamaesyce albomarginata,Native,Perennial,Forb,No
AguaFria,Colorado Plateau,Warm,CHAL11,CHAL11,Chamaesyce albomarginata,Native,Perennial,Forb,No
AguaFria,Colorado Plateau,Warm,DICA14,DICA14,Dichelostemma capitatum,Native,Perennial,Forb,No
AguaFria,Colorado Plateau,Med-Warm,ELSPP,ELSPP.AguaFria,"Elymus spp., AguaFria",Native/Unknown,Unknown,Grass,No
AguaFria,Colorado Plateau,Warm,ELSPP,ELSPP.AguaFria,"Elymus spp., AguaFria",Native/Unknown,Unknown,Grass,No
AguaFria,Colorado Plateau,Med-Warm,ERCI6,ERCI6,Erodium cicutarium,Introduced,Annual,Forb,No
AguaFria,Colorado Plateau,None,ERCI6,ERCI6,Erodium cicutarium,Introduced,Annual,Forb,No
AguaFria,Colorado Plateau,Warm,ERCI6,ERCI6,Erodium cicutarium,Introduced,Annual,Forb,No
AguaFria,Colorado Plateau,Med-Warm,HOPU,HOPU,Hordeum pusillum,Native,Annual,Grass,No
AguaFria,Colorado Plateau,None,HOPU,HOPU,Hordeum pusillum,Native,Annual,Grass,No
AguaFria,Colorado Plateau,Warm,HOPU,HOPU,Hordeum pusillum,Native,Annual,Grass,No
AguaFria,Colorado Plateau,Med-Warm,LEPA6,LEPA6,Leptochloa panicea,Native,Unknown,Grass,No
AguaFria,Colorado Plateau,None,LEPA6,LEPA6,Leptochloa panicea,Native,Unknown,Grass,No
AguaFria,Colorado Plateau,Warm,LEPA6,LEPA6,Leptochloa panicea,Native,Unknown,Grass,No
AguaFria,Colorado Plateau,Warm,LOSA,LOSA,Lotus salsuginosus,Native,Annual,Forb,No
AguaFria,Colorado Plateau,None,LOSA,LOSA,Lotus salsuginosus,Native,Annual,Forb,No
AguaFria,Colorado Plateau,Warm,LUSP,LUSP,Lupinus sparsiflorus (?),Native,Annual,Forb,No
AguaFria,Colorado Plateau,Warm,LUSPP,LUSPP.AguaFria,"Lupinus spp., AguaFria",Native/Unknown,Unknown,Forb,No
AguaFria,Colorado Plateau,Med-Warm,MEOF,MEOF,Melilotus officinalis,Introduced,Unknown,Forb,No
AguaFria,Colorado Plateau,Warm,PLPA2,PLPA2,Plantago patagonica,Native,Annual,Forb,No
AguaFria,Colorado Plateau,Med-Warm,PLPA2,PLPA2,Plantago patagonica,Native,Annual,Forb,No
AguaFria,Colorado Plateau,None,PLPA2,PLPA2,Plantago patagonica,Native,Annual,Forb,No
AguaFria,Colorado Plateau,Med-Warm,SCBA,SCBA,Schismus barbatus,Introduced,Annual,Grass,No
AguaFria,Colorado Plateau,Warm,SCBA,SCBA,Schismus barbatus,Introduced,Annual,Grass,No
AguaFria,Colorado Plateau,None,SCBA,SCBA,Schismus barbatus,Introduced,Annual,Grass,No
AguaFria,Colorado Plateau,Warm,SECO10,SECO10,Senna covesii,Native,Perennial,Forb,No
AguaFria,Colorado Plateau,Warm,SPSP,SPSP.AguaFria,"Sphaeralcea spp., AguaFria",Native/Unknown,Unknown,Forb,No
AguaFria,Colorado Plateau,Med-Warm,UNFO1,UNFO1.AguaFria,"Unknown forb 1, AguaFria",Unknown,Unknown,Forb,No
AguaFria,Colorado Plateau,Warm,UNFO1,UNFO1.AguaFria,"Unknown forb 1, AguaFria",Unknown,Unknown,Forb,No
AguaFria,Colorado Plateau,None,UNFO1,UNFO1.AguaFria,"Unknown forb 1, AguaFria",Unknown,Unknown,Forb,No
AguaFria,Colorado Plateau,Med-Warm,UNFO2,UNFO2.AguaFria,"Unknown forb 2, AguaFria",Unknown,Unknown,Forb,No
AguaFria,Colorado Plateau,Warm,UNFO2,UNFO2.AguaFria,"Unknown forb 2, AguaFria",Unknown,Unknown,Forb,No
AguaFria,Colorado Plateau,None,UNFO2,UNFO2.AguaFria,"Unknown forb 2, AguaFria",Unknown,Unknown,Forb,No
AguaFria,Colorado Plateau,Warm,UNFO3,UNFO3.AguaFria,"Unknown forb 3, AguaFria",Unknown,Unknown,Forb,No
AguaFria,Colorado Plateau,Warm,UNFO4,UNFO4.AguaFria,"Unknown forb 4, AguaFria",Unknown,Unknown,Forb,No
AguaFria,Colorado Plateau,Med-Warm,UNFO4,UNFO4.AguaFria,"Unknown forb 4, AguaFria",Unknown,Unknown,Forb,No
AguaFria,Colorado Plateau,None,UNFO4,UNFO4.AguaFria,"Unknown forb 4, AguaFria",Unknown,Unknown,Forb,No
AguaFria,Colorado Plateau,Warm,UNFO5,UNFO5.AguaFria,"Unknown forb 5, AguaFria",Unknown,Unknown,Forb,No
AguaFria,Colorado Plateau,Warm,UNFO6,UNFO6.AguaFria,"Unknown forb 6, AguaFria",Unknown,Unknown,Forb,No
AguaFria,Colorado Plateau,Warm,UNFO7,UNFO7.AguaFria,"Unknown forb 7, AguaFria",Unknown,Unknown,Forb,No
AguaFria,Colorado Plateau,Warm,UNFO8,UNFO8.AguaFria,"Unknown forb 8, AguaFria",Unknown,Unknown,Forb,No
AguaFria,Colorado Plateau,Warm,UNGR1,UNGR1.AguaFria,"Unknown grass 1, AguaFria",Native,Unknown,Grass,No
AguaFria,Colorado Plateau,None,UNGR2,UNGR2.AguaFria,"Unknown grass 2, AguaFria",Native,Unknown,Grass,No
AguaFria,Colorado Plateau,Warm,UNGR3,UNGR3.AguaFria,"Unknown grass 3, AguaFria",Native,Unknown,Grass,No
AguaFria,Colorado Plateau,Med-Warm,UNGR3,UNGR3.AguaFria,"Unknown grass 3, AguaFria",Native,Unknown,Grass,No
AguaFria,Colorado Plateau,None,UNGR3,UNGR3.AguaFria,"Unknown grass 3, AguaFria",Native,Unknown,Grass,No
AguaFria,Colorado Plateau,Med-Warm,UNGR4,UNGR4.AguaFria,"Unknown grass 4, AguaFria",Unknown,Unknown,Grass,No
AguaFria,Colorado Plateau,None,UNGR4,UNGR4.AguaFria,"Unknown grass 4, AguaFria",Unknown,Unknown,Grass,No
AguaFria,Colorado Plateau,Warm,UNGR4,UNGR4.AguaFria,"Unknown grass 4, AguaFria",Unknown,Unknown,Grass,No
AguaFria,Colorado Plateau,Med-Warm,UNGR5,UNGR5.AguaFria,"Unknown grass 5, AguaFria",Unknown,Unknown,Grass,No
AguaFria,Colorado Plateau,Warm,UNGR5,UNGR5.AguaFria,"Unknown grass 5, AguaFria",Unknown,Unknown,Grass,No
AguaFria,Colorado Plateau,None,UNGR5,UNGR5.AguaFria,"Unknown grass 5, AguaFria",Unknown,Unknown,Grass,No
AguaFria,Colorado Plateau,Med-Warm,UNGR,UNGR.AguaFria,"Unknown grass, AguaFria",Native,Unknown,Grass,No
AguaFria,Colorado Plateau,Warm,UNGR,UNGR.AguaFria,"Unknown grass, AguaFria",Native,Unknown,Grass,No
AguaFria,Colorado Plateau,Med-Warm,BOSPP,BOSPP.AguaFria,"local Bouteloua species (unknown), AguaFria",Native,Unknown,Grass,No
AguaFria,Colorado Plateau,Warm,BOSPP,BOSPP.AguaFria,"local Bouteloua species (unknown), AguaFria",Native,Unknown,Grass,No
BabbittPJ,Colorado Plateau,None,AMBSPP,AMBSPP.BabbittPJ,"Ambrosia spp., BabbittPJ",Native/Unknown,Unknown,Forb,No
BabbittPJ,Colorado Plateau,Cool-Med,AMBSPP,AMBSPP.BabbittPJ,"Ambrosia spp., BabbittPJ",Native/Unknown,Unknown,Forb,No
BabbittPJ,Colorado Plateau,Cool,BOGR2,BOGR2,Bouteloua gracilis,Native,Perennial,Grass,No
BabbittPJ,Colorado Plateau,Cool-Med,BOSI2,BOSI2,Bouteloua simplex,Native,Annual,Grass,No
BabbittPJ,Colorado Plateau,Cool,BOSI2,BOSI2,Bouteloua simplex,Native,Annual,Grass,No
BabbittPJ,Colorado Plateau,None,CHAL11,CHAL11,Chamaesyce albomarginata,Native,Perennial,Forb,No
BabbittPJ,Colorado Plateau,Cool,CHAL11,CHAL11,Chamaesyce albomarginata,Native,Perennial,Forb,No
BabbittPJ,Colorado Plateau,Cool-Med,CHAL11,CHAL11,Chamaesyce albomarginata,Native,Perennial,Forb,No
BabbittPJ,Colorado Plateau,Cool,HECI,HECI,Helianthus ciliaris,Native,Perennial,Forb,No
BabbittPJ,Colorado Plateau,Cool-Med,HECI,HECI,Helianthus ciliaris,Native,Perennial,Forb,No
BabbittPJ,Colorado Plateau,None,HESP,HESP.BabbittPJ,"Heliomeris spp., BabbittPJ",Native,Unknown,Forb,No
BabbittPJ,Colorado Plateau,Cool,HESP,HESP.BabbittPJ,"Heliomeris spp., BabbittPJ",Native,Unknown,Forb,No
BabbittPJ,Colorado Plateau,Cool-Med,HESP,HESP.BabbittPJ,"Heliomeris spp., BabbittPJ",Native,Unknown,Forb,No
BabbittPJ,Colorado Plateau,Cool-Med,LECI4,LECI4,Leymus cinereus,Native,Perennial,Grass,No
BabbittPJ,Colorado Plateau,Cool,LILE3,LILE3,Linum lewisii,Native,Perennial,Forb,No
BabbittPJ,Colorado Plateau,None,PHNE3,PHNE3,Phacelia neomexicana,Native,Annual,Forb,No
BabbittPJ,Colorado Plateau,Cool,PHNE3,PHNE3,Phacelia neomexicana,Native,Annual,Forb,No
BabbittPJ,Colorado Plateau,Cool-Med,PHNE3,PHNE3,Phacelia neomexicana,Native,Annual,Forb,No
BabbittPJ,Colorado Plateau,None,PHSPP,PHSPP.BabbittPJ,"Phacelia spp., BabbittPJ",Native,Unknown,Forb,No
BabbittPJ,Colorado Plateau,Cool-Med,PHSPP,PHSPP.BabbittPJ,"Phacelia spp., BabbittPJ",Native,Unknown,Forb,No
BabbittPJ,Colorado Plateau,Cool,PHSPP,PHSPP.BabbittPJ,"Phacelia spp., BabbittPJ",Native,Unknown,Forb,No
BabbittPJ,Colorado Plateau,Cool,SATR12,SATR12,Salsola tragus,Introduced,Annual,Forb,No
BabbittPJ,Colorado Plateau,Cool-Med,SATR12,SATR12,Salsola tragus,Introduced,Annual,Forb,No
BabbittPJ,Colorado Plateau,None,SATR12,SATR12,Salsola tragus,Introduced,Annual,Forb,No
BabbittPJ,Colorado Plateau,None,CHEN,CHEN.BabbittPJ,"Unknown chenopod, BabbittPJ",Native/Unknown,Unknown,Forb,No
BabbittPJ,Colorado Plateau,Cool,CHEN,CHEN.BabbittPJ,"Unknown chenopod, BabbittPJ",Native/Unknown,Unknown,Forb,No
BabbittPJ,Colorado Plateau,Cool-Med,CHEN,CHEN.BabbittPJ,"Unknown chenopod, BabbittPJ",Native/Unknown,Unknown,Forb,No
BabbittPJ,Colorado Plateau,Cool-Med,UNFO1,UNFO1.BabbittPJ,"Unknown forb 1, BabbittPJ",Native,Unknown,Forb,No
BabbittPJ,Colorado Plateau,Cool,UNFO1,UNFO1.BabbittPJ,"Unknown forb 1, BabbittPJ",Native,Unknown,Forb,No
BarTBar,Colorado Plateau,Med-Warm,ACMI2,ACMI2,Achillea millefolium,Native,Perennial,Forb,No
BarTBar,Colorado Plateau,Cool-Med,AMASPP,AMASPP.BarTBar,"Amaranthus spp., BarTBar",Native/Unknown,Unknown,Forb,No
BarTBar,Colorado Plateau,Med-Warm,AMASPP,AMASPP.BarTBar,"Amaranthus spp., BarTBar",Native/Unknown,Unknown,Forb,No
BarTBar,Colorado Plateau,Cool-Med,ARFR4,ARFR4,Artemisia frigida,Native,Perennial,Shrub,No
BarTBar,Colorado Plateau,Med-Warm,ARFR4,ARFR4,Artemisia frigida,Native,Perennial,Shrub,No
BarTBar,Colorado Plateau,None,ARFR4,ARFR4,Artemisia frigida,Native,Perennial,Shrub,No
BarTBar,Colorado Plateau,Med-Warm,ARSPP,ARSPP.BarTBar,"Artemisia spp., BarTBar",Native/Unknown,Perennial,Shrub,No
BarTBar,Colorado Plateau,Cool-Med,ARSPP,ARSPP.BarTBar,"Artemisia spp., BarTBar",Native/Unknown,Perennial,Shrub,No
BarTBar,Colorado Plateau,None,ARSPP,ARSPP.BarTBar,"Artemisia spp., BarTBar",Native/Unknown,Perennial,Shrub,No
BarTBar,Colorado Plateau,Cool-Med,ATCA2,ATCA2,Atriplex canescens,Native,Perennial,Shrub,No
BarTBar,Colorado Plateau,None,ATCA2,ATCA2,Atriplex canescens,Native,Perennial,Shrub,No
BarTBar,Colorado Plateau,Med-Warm,CHER2,CHER2,Chaetopappa ericoides,Native,Perennial,Forb,No
BarTBar,Colorado Plateau,Cool-Med,CHER2,CHER2,Chaetopappa ericoides,Native,Perennial,Forb,No
BarTBar,Colorado Plateau,Cool-Med,CHAL11,CHAL11,Chamaesyce albomarginata,Native,Perennial,Forb,No
BarTBar,Colorado Plateau,Med-Warm,CHAL11,CHAL11,Chamaesyce albomarginata,Native,Perennial,Forb,No
BarTBar,Colorado Plateau,Med-Warm,DACA7,DACA7,Dalea candida,Native,Perennial,Forb,No
BarTBar,Colorado Plateau,Cool-Med,DAPU7,DAPU7,Dasyochloa pulchella,Native,Perennial,Grass,No
BarTBar,Colorado Plateau,None,DAPU7,DAPU7,Dasyochloa pulchella,Native,Perennial,Grass,No
BarTBar,Colorado Plateau,Med-Warm,DAPU7,DAPU7,Dasyochloa pulchella,Native,Perennial,Grass,No
BarTBar,Colorado Plateau,Cool-Med,DEPI,DEPI,Descurainia pinnata,Native,Unknown,Forb,No
BarTBar,Colorado Plateau,None,DEPI,DEPI,Descurainia pinnata,Native,Unknown,Forb,No
BarTBar,Colorado Plateau,Med-Warm,DEPI,DEPI,Descurainia pinnata,Native,Unknown,Forb,No
BarTBar,Colorado Plateau,Cool-Med,ERISP,ERISP.BarTBar,"Eriogonum spp., BarTBar",Native,Unknown,Forb,No
BarTBar,Colorado Plateau,Cool-Med,GUSA2,GUSA2,Gutierrezia sarothrae,Native,Perennial,Shrub,No
BarTBar,Colorado Plateau,None,GUSA2,GUSA2,Gutierrezia sarothrae,Native,Perennial,Shrub,No
BarTBar,Colorado Plateau,Med-Warm,GUSA2,GUSA2,Gutierrezia sarothrae,Native,Perennial,Shrub,No
BarTBar,Colorado Plateau,Cool-Med,KRLA2,KRLA2,Krascheninnikovia lanata,Native,Perennial,Shrub,No
BarTBar,Colorado Plateau,None,KRLA2,KRLA2,Krascheninnikovia lanata,Native,Perennial,Shrub,No
BarTBar,Colorado Plateau,Med-Warm,LILE3,LILE3,Linum lewisii,Native,Perennial,Forb,No
BarTBar,Colorado Plateau,Med-Warm,OESP,OESP.BarTBar,"Oenothera spp., BarTBar",Native/Unknown,Unknown,Forb,No
BarTBar,Colorado Plateau,Cool-Med,OESP,OESP.BarTBar,"Oenothera spp., BarTBar",Native/Unknown,Unknown,Forb,No
BarTBar,Colorado Plateau,Cool-Med,PORSPP,PORSPP.BarTBar,"Portulaca spp., BarTBar",Native,Unknown,Forb,No
BarTBar,Colorado Plateau,Med-Warm,PORSPP,PORSPP.BarTBar,"Portulaca spp., BarTBar",Native,Unknown,Forb,No
BarTBar,Colorado Plateau,Med-Warm,SATR12,SATR12,Salsola tragus,Introduced,Annual,Forb,No
BarTBar,Colorado Plateau,Cool-Med,SATR12,SATR12,Salsola tragus,Introduced,Annual,Forb,No
BarTBar,Colorado Plateau,None,SATR12,SATR12,Salsola tragus,Introduced,Annual,Forb,No
BarTBar,Colorado Plateau,Cool-Med,SAAB,SAAB,Sanvitalia abertii,Native,Annual,Forb,No
BarTBar,Colorado Plateau,Med-Warm,SAAB,SAAB,Sanvitalia abertii,Native,Annual,Forb,No
BarTBar,Colorado Plateau,None,SAAB,SAAB,Sanvitalia abertii,Native,Annual,Forb,No
BarTBar,Colorado Plateau,Cool-Med,SCMU6,SCMU6,Schkuhria multiflora,Native,Annual,Forb,No
BarTBar,Colorado Plateau,Med-Warm,SCMU6,SCMU6,Schkuhria multiflora,Native,Annual,Forb,No
BarTBar,Colorado Plateau,None,SCMU6,SCMU6,Schkuhria multiflora,Native,Annual,Forb,No
BarTBar,Colorado Plateau,Med-Warm,SPSP,SPSP.BarTBar,"Sphaeralcea spp., BarTBar",Native/Unknown,Unknown,Forb,No
BarTBar,Colorado Plateau,Cool-Med,SPSP,SPSP.BarTBar,"Sphaeralcea spp., BarTBar",Native/Unknown,Unknown,Forb,No
BarTBar,Colorado Plateau,None,SPSP,SPSP.BarTBar,"Sphaeralcea spp., BarTBar",Native/Unknown,Unknown,Forb,No
BarTBar,Colorado Plateau,Cool-Med,UNFO12,UNFO12.BarTBar,"Unknown forb 12, BarTBar",Unknown,Unknown,Forb,No
BarTBar,Colorado Plateau,Med-Warm,UNFO12,UNFO12.BarTBar,"Unknown forb 12, BarTBar",Unknown,Unknown,Forb,No
BarTBar,Colorado Plateau,Cool-Med,UNFO13,UNFO13.BarTBar,"Unknown forb 13, BarTBar",Unknown,Unknown,Forb,No
BarTBar,Colorado Plateau,None,UNFO13,UNFO13.BarTBar,"Unknown forb 13, BarTBar",Unknown,Unknown,Forb,No
BarTBar,Colorado Plateau,Med-Warm,UNFO13,UNFO13.BarTBar,"Unknown forb 13, BarTBar",Unknown,Unknown,Forb,No
BarTBar,Colorado Plateau,Med-Warm,UNFO14,UNFO14.BarTBar,"Unknown forb 14, BarTBar",Unknown,Unknown,Forb,No
BarTBar,Colorado Plateau,Cool-Med,UNFO16,UNFO16.BarTBar,"Unknown forb 16, BarTBar",Unknown,Unknown,Forb,No
BarTBar,Colorado Plateau,Med-Warm,UNFO3,UNFO3.BarTBar,"Unknown forb 3, BarTBar",Unknown,Unknown,Forb,No
BarTBar,Colorado Plateau,Cool-Med,UNFO4,UNFO4.BarTBar,"Unknown forb 4, BarTBar",Unknown,Unknown,Forb,No
BarTBar,Colorado Plateau,Med-Warm,UNFO4,UNFO4.BarTBar,"Unknown forb 4, BarTBar",Unknown,Unknown,Forb,No
BarTBar,Colorado Plateau,Cool-Med,UNFO7,UNFO7.BarTBar,"Unknown forb 7, BarTBar",Unknown,Unknown,Forb,No
BarTBar,Colorado Plateau,Cool-Med,UNFO8,UNFO8.BarTBar,"Unknown forb 8, BarTBar",Unknown,Unknown,Forb,No
BarTBar,Colorado Plateau,None,UNFO8,UNFO8.BarTBar,"Unknown forb 8, BarTBar",Unknown,Unknown,Forb,No
BarTBar,Colorado Plateau,Med-Warm,UNFO8,UNFO8.BarTBar,"Unknown forb 8, BarTBar",Unknown,Unknown,Forb,No
BarTBar,Colorado Plateau,Med-Warm,UNFO9,UNFO9.BarTBar,"Unknown forb 9, BarTBar",Native,Unknown,Forb,No
BarTBar,Colorado Plateau,Cool-Med,UNFO9,UNFO9.BarTBar,"Unknown forb 9, BarTBar",Native,Unknown,Forb,No
BarTBar,Colorado Plateau,None,UNFO9,UNFO9.BarTBar,"Unknown forb 9, BarTBar",Native,Unknown,Forb,No
BarTBar,Colorado Plateau,Cool-Med,UNGR,UNGR.BarTBar,"Unknown grass, BarTBar",Native,Unknown,Grass,No
BarTBar,Colorado Plateau,Med-Warm,UNGR,UNGR.BarTBar,"Unknown grass, BarTBar",Native,Unknown,Grass,No
BarTBar,Colorado Plateau,None,UNGR,UNGR.BarTBar,"Unknown grass, BarTBar",Native,Unknown,Grass,No
BarTBar,Colorado Plateau,Cool-Med,UNSH,UNSH.BarTBar,"Unknown shrub, BarTBar",Unknown,Perennial,Shrub,No
BarTBar,Colorado Plateau,Med-Warm,BOSPP,BOSPP.BarTBar,"local Bouteloua species (unknown), BarTBar",Native,Unknown,Grass,No
BarTBar,Colorado Plateau,Cool-Med,BOSPP,BOSPP.BarTBar,"local Bouteloua species (unknown), BarTBar",Native,Unknown,Grass,No
BarTBar,Colorado Plateau,None,BOSPP,BOSPP.BarTBar,"local Bouteloua species (unknown), BarTBar",Native,Unknown,Grass,No
FlyingM,Colorado Plateau,Cool-Med,AmaranthusSpp,AmaranthusSpp.FlyingM,"Amaranthus spp., FlyingM",Unknown,Unknown,Forb,No
FlyingM,Colorado Plateau,Cool-Med,ATCA2,ATCA2,Atriplex canescens,Native,Perennial,Shrub,No
FlyingM,Colorado Plateau,Cool-Med,ATCO,ATCO,Atriplex confertifolia,Native,Perennial,Shrub,No
FlyingM,Colorado Plateau,Med-Warm,ATCO,ATCO,Atriplex confertifolia,Native,Perennial,Shrub,No
FlyingM,Colorado Plateau,None,ATCO,ATCO,Atriplex confertifolia,Native,Perennial,Shrub,No
FlyingM,Colorado Plateau,Med-Warm,BOGR2,BOGR2,Bouteloua gracilis,Native,Perennial,Grass,No
FlyingM,Colorado Plateau,Med-Warm,CHCO2,CHCO2,Chamaesaracha coronopus,Native,Perennial,Forb,No
FlyingM,Colorado Plateau,Cool-Med,CHWA,CHWA,Chenopodium watsonii,Native,Annual,Forb,No
FlyingM,Colorado Plateau,Cool-Med,CRCR3,CRCR3,Cryptantha crassisepala,Native,Annual,Forb,No
FlyingM,Colorado Plateau,Med-Warm,DACA7,DACA7,Dalea candida,Native,Perennial,Forb,No
FlyingM,Colorado Plateau,Cool-Med,DAPU7,DAPU7,Dasyochloa pulchella,Native,Perennial,Grass,No
FlyingM,Colorado Plateau,Med-Warm,DAPU7,DAPU7,Dasyochloa pulchella,Native,Perennial,Grass,No
FlyingM,Colorado Plateau,Med-Warm,DEPI,DEPI,Descurainia pinnata,Native,Unknown,Forb,No
FlyingM,Colorado Plateau,Med-Warm,ELEL5,ELEL5,Elymus elymoides,Native,Perennial,Grass,No
FlyingM,Colorado Plateau,Med-Warm,ELSPP,ELSPP.FlyingM,"Elymus spp., FlyingM",Native/Unknown,Unknown,Grass,No
FlyingM,Colorado Plateau,Cool-Med,HESP,HESP.FlyingM,"Heliomeris spp., FlyingM",Native,Unknown,Forb,No
FlyingM,Colorado Plateau,Med-Warm,HESP,HESP.FlyingM,"Heliomeris spp., FlyingM",Native,Unknown,Forb,No
FlyingM,Colorado Plateau,Cool-Med,KRLA2,KRLA2,Krascheninnikovia lanata,Native,Perennial,Shrub,No
FlyingM,Colorado Plateau,Cool-Med,MATA2,MATA2,Machaeranthera tanacetifolia,Native,Annual,Forb,No
FlyingM,Colorado Plateau,None,MEMO4,MEMO4,Mentzelia montana,Native,Annual,Forb,No
FlyingM,Colorado Plateau,Med-Warm,MEMO4,MEMO4,Mentzelia montana,Native,Annual,Forb,No
FlyingM,Colorado Plateau,Cool-Med,MEMO4,MEMO4,Mentzelia montana,Native,Annual,Forb,No
FlyingM,Colorado Plateau,Cool-Med,PORSPP,PORSPP.FlyingM,"Portulaca spp., FlyingM",Native,Unknown,Forb,No
FlyingM,Colorado Plateau,Cool-Med,SATR12,SATR12,Salsola tragus,Introduced,Annual,Forb,No
FlyingM,Colorado Plateau,Med-Warm,SATR12,SATR12,Salsola tragus,Introduced,Annual,Forb,No
FlyingM,Colorado Plateau,None,SATR12,SATR12,Salsola tragus,Introduced,Annual,Forb,No
FlyingM,Colorado Plateau,Med-Warm,SAAB,SAAB,Sanvitalia abertii,Native,Annual,Forb,No
FlyingM,Colorado Plateau,Cool-Med,SAAB,SAAB,Sanvitalia abertii,Native,Annual,Forb,No
FlyingM,Colorado Plateau,Cool-Med,SPSP,SPSP.FlyingM,"Sphaeralcea spp., FlyingM",Native/Unknown,Unknown,Forb,No
FlyingM,Colorado Plateau,Med-Warm,SPSP,SPSP.FlyingM,"Sphaeralcea spp., FlyingM",Native/Unknown,Unknown,Forb,No
FlyingM,Colorado Plateau,Cool-Med,UNFO1,UNFO1.FlyingM,"Unknown forb 1, FlyingM",Unknown,Unknown,Forb,No
FlyingM,Colorado Plateau,Med-Warm,UNFO1,UNFO1.FlyingM,"Unknown forb 1, FlyingM",Unknown,Unknown,Forb,No
FlyingM,Colorado Plateau,None,UNFO1,UNFO1.FlyingM,"Unknown forb 1, FlyingM",Unknown,Unknown,Forb,No
FlyingM,Colorado Plateau,Cool-Med,UNFO2,UNFO2.FlyingM,"Unknown forb 2, FlyingM",Unknown,Unknown,Forb,No
FlyingM,Colorado Plateau,Med-Warm,UNFO2,UNFO2.FlyingM,"Unknown forb 2, FlyingM",Unknown,Unknown,Forb,No
FlyingM,Colorado Plateau,Cool-Med,UNFO3,UNFO3.FlyingM,"Unknown forb 3, FlyingM",Unknown,Unknown,Forb,No
FlyingM,Colorado Plateau,Med-Warm,UNFO4,UNFO4.FlyingM,"Unknown forb 4, FlyingM",Unknown,Unknown,Forb,No
FlyingM,Colorado Plateau,Cool-Med,UNFO4,UNFO4.FlyingM,"Unknown forb 4, FlyingM",Unknown,Unknown,Forb,No
FlyingM,Colorado Plateau,Cool-Med,UNFO5,UNFO5.FlyingM,"Unknown forb 5, FlyingM",Unknown,Unknown,Forb,No
FlyingM,Colorado Plateau,Med-Warm,UNFO5,UNFO5.FlyingM,"Unknown forb 5, FlyingM",Unknown,Unknown,Forb,No
FlyingM,Colorado Plateau,Cool-Med,UNFO6,UNFO6.FlyingM,"Unknown forb 6, FlyingM",Unknown,Unknown,Forb,No
FlyingM,Colorado Plateau,Med-Warm,UNFO6,UNFO6.FlyingM,"Unknown forb 6, FlyingM",Unknown,Unknown,Forb,No
FlyingM,Colorado Plateau,Cool-Med,UNFO7,UNFO7.FlyingM,"Unknown forb 7, FlyingM",Unknown,Unknown,Forb,No
FlyingM,Colorado Plateau,Med-Warm,UNFO7,UNFO7.FlyingM,"Unknown forb 7, FlyingM",Unknown,Unknown,Forb,No
FlyingM,Colorado Plateau,Cool-Med,UNGR1,UNGR1.FlyingM,"Unknown grass 1, FlyingM",Unknown,Unknown,Grass,No
FlyingM,Colorado Plateau,Med-Warm,UNGR1,UNGR1.FlyingM,"Unknown grass 1, FlyingM",Unknown,Unknown,Grass,No
FlyingM,Colorado Plateau,Med-Warm,UNGR,UNGR.FlyingM,"Unknown grass, FlyingM",Native,Unknown,Grass,No
FlyingM,Colorado Plateau,Cool-Med,UNGR,UNGR.FlyingM,"Unknown grass, FlyingM",Native,Unknown,Grass,No
FlyingM,Colorado Plateau,None,UNGR,UNGR.FlyingM,"Unknown grass, FlyingM",Native,Unknown,Grass,No
FlyingM,Colorado Plateau,Cool-Med,VEEN,VEEN,Verbesina encelioides,Native,Annual,Forb,No
FlyingM,Colorado Plateau,Med-Warm,BOSPP,BOSPP.FlyingM,"local Bouteloua species (unknown), FlyingM",Native,Unknown,Grass,No
FlyingM,Colorado Plateau,Cool-Med,BOSPP,BOSPP.FlyingM,"local Bouteloua species (unknown), FlyingM",Native,Unknown,Grass,No
MOWE,Colorado Plateau,Med-Warm,0,0,0,0,0,0,No
MOWE,Colorado Plateau,Warm,BAMU,BAMU,Baileya multiradiata,Native,Unknown,Forb,No
MOWE,Colorado Plateau,Warm,BRRU2,BRRU2,Bromus rubens,Introduced,Annual,Grass,No
MOWE,Colorado Plateau,None,BRRU2,BRRU2,Bromus rubens,Introduced,Annual,Grass,No
MOWE,Colorado Plateau,Med-Warm,BRRU2,BRRU2,Bromus rubens,Introduced,Annual,Grass,No
MOWE,Colorado Plateau,Warm,BRTE,BRTE,Bromus tectorum,Introduced,Annual,Grass,No
MOWE,Colorado Plateau,None,CHAL11,CHAL11,Chamaesyce albomarginata,Native,Perennial,Forb,No
MOWE,Colorado Plateau,Med-Warm,CHAL11,CHAL11,Chamaesyce albomarginata,Native,Perennial,Forb,No
MOWE,Colorado Plateau,Warm,CHAL11,CHAL11,Chamaesyce albomarginata,Native,Perennial,Forb,No
MOWE,Colorado Plateau,Warm,CHTE2,CHTE2,Chorispora tenella,Introduced,Annual,Forb,No
MOWE,Colorado Plateau,Med-Warm,CHTE2,CHTE2,Chorispora tenella,Introduced,Annual,Forb,No
MOWE,Colorado Plateau,Med-Warm,DEPI,DEPI,Descurainia pinnata,Native,Unknown,Forb,No
MOWE,Colorado Plateau,Warm,DEPI,DEPI,Descurainia pinnata,Native,Unknown,Forb,No
MOWE,Colorado Plateau,Warm,DRCU,DRCU,Draba cuneifolia,Native,Annual,Forb,No
MOWE,Colorado Plateau,Med-Warm,ERCI6,ERCI6,Erodium cicutarium,Introduced,Annual,Forb,No
MOWE,Colorado Plateau,Warm,ERCI6,ERCI6,Erodium cicutarium,Introduced,Annual,Forb,No
MOWE,Colorado Plateau,None,ERCI6,ERCI6,Erodium cicutarium,Introduced,Annual,Forb,No
MOWE,Colorado Plateau,Med-Warm,HOMU,HOMU,Hordeum murinum,Introduced,Annual,Grass,No
MOWE,Colorado Plateau,Warm,HOPU,HOPU,Hordeum pusillum,Native,Annual,Grass,No
MOWE,Colorado Plateau,Med-Warm,HOPU,HOPU,Hordeum pusillum,Native,Annual,Grass,No
MOWE,Colorado Plateau,None,HOPU,HOPU,Hordeum pusillum,Native,Annual,Grass,No
MOWE,Colorado Plateau,Warm,MAGR10,MAGR10,Machaeranthera gracilis,Native,Annual,Forb,No
MOWE,Colorado Plateau,None,MAGR10,MAGR10,Machaeranthera gracilis,Native,Annual,Forb,No
MOWE,Colorado Plateau,Med-Warm,MAGR10,MAGR10,Machaeranthera gracilis,Native,Annual,Forb,No
MOWE,Colorado Plateau,Med-Warm,PEPA8,PEPA8,Penstemon palmeri,Native,Perennial,Forb,No
MOWE,Colorado Plateau,Med-Warm,SATR12,SATR12,Salsola tragus,Introduced,Annual,Forb,No
MOWE,Colorado Plateau,Warm,SATR12,SATR12,Salsola tragus,Introduced,Annual,Forb,No
MOWE,Colorado Plateau,Warm,SIAL2,SIAL2,Sisymbrium altissimum,Introduced,Annual,Forb,No
MOWE,Colorado Plateau,Warm,SOEL,SOEL,Solanum elaeagnifolium,Native,Perennial,Forb,No
MOWE,Colorado Plateau,Med-Warm,SOEL,SOEL,Solanum elaeagnifolium,Native,Perennial,Forb,No
MOWE,Colorado Plateau,None,SOEL,SOEL,Solanum elaeagnifolium,Native,Perennial,Forb,No
MOWE,Colorado Plateau,Warm,TRTE,TRTE,Tribulus terrestris,Introduced,Annual,Forb,No
MOWE,Colorado Plateau,Med-Warm,TRTE,TRTE,Tribulus terrestris,Introduced,Annual,Forb,No
MOWE,Colorado Plateau,Warm,CHEN,CHEN.MOWE,"Unknown chenopod, MOWE",Native/Unknown,Unknown,Forb,No
MOWE,Colorado Plateau,Warm,UNFO1,UNFO1.MOWE,"Unknown forb 1, MOWE",Unknown,Unknown,Forb,No
MOWE,Colorado Plateau,Med-Warm,UNFO1,UNFO1.MOWE,"Unknown forb 1, MOWE",Unknown,Unknown,Forb,No
MOWE,Colorado Plateau,Med-Warm,UNFO2,UNFO2.MOWE,"Unknown forb 2, MOWE",Unknown,Unknown,Forb,No
MOWE,Colorado Plateau,Med-Warm,UNFO4,UNFO4.MOWE,"Unknown forb 4, MOWE",Unknown,Unknown,Forb,No
MOWE,Colorado Plateau,Warm,UNFO4,UNFO4.MOWE,"Unknown forb 4, MOWE",Unknown,Unknown,Forb,No
MOWE,Colorado Plateau,None,UNFO4,UNFO4.MOWE,"Unknown forb 4, MOWE",Unknown,Unknown,Forb,No
MOWE,Colorado Plateau,Warm,UNFO5,UNFO5.MOWE,"Unknown forb 5, MOWE",Unknown,Unknown,Forb,No
MOWE,Colorado Plateau,None,UNFO5,UNFO5.MOWE,"Unknown forb 5, MOWE",Unknown,Unknown,Forb,No
MOWE,Colorado Plateau,Med-Warm,UNFO5,UNFO5.MOWE,"Unknown forb 5, MOWE",Unknown,Unknown,Forb,No
MOWE,Colorado Plateau,Warm,UNGR1,UNGR1.MOWE,"Unknown grass 1, MOWE",Unknown,Unknown,Grass,No
MOWE,Colorado Plateau,None,UNGR1,UNGR1.MOWE,"Unknown grass 1, MOWE",Unknown,Unknown,Grass,No
MOWE,Colorado Plateau,Med-Warm,UNGR1,UNGR1.MOWE,"Unknown grass 1, MOWE",Unknown,Unknown,Grass,No
MOWE,Colorado Plateau,Med-Warm,UNGR2,UNGR2.MOWE,"Unknown grass 2, MOWE",Native,Unknown,Grass,No
MOWE,Colorado Plateau,Warm,UNGR2,UNGR2.MOWE,"Unknown grass 2, MOWE",Native,Unknown,Grass,No
MOWE,Colorado Plateau,None,UNGR2,UNGR2.MOWE,"Unknown grass 2, MOWE",Native,Unknown,Grass,No
MOWE,Colorado Plateau,Warm,UNGR3,UNGR3.MOWE,"Unknown grass 3, MOWE",Unknown,Unknown,Grass,No
MOWE,Colorado Plateau,None,UNGR3,UNGR3.MOWE,"Unknown grass 3, MOWE",Unknown,Unknown,Grass,No
MOWE,Colorado Plateau,Med-Warm,UNGR4,UNGR4.MOWE,"Unknown grass 4, MOWE",Unknown,Unknown,Grass,No
MOWE,Colorado Plateau,Warm,UNGR4,UNGR4.MOWE,"Unknown grass 4, MOWE",Unknown,Unknown,Grass,No
MOWE,Colorado Plateau,None,UNGR4,UNGR4.MOWE,"Unknown grass 4, MOWE",Unknown,Unknown,Grass,No
PEFO,Colorado Plateau,Med-Warm,ATCO,ATCO,Atriplex confertifolia,Native,Perennial,Shrub,No
PEFO,Colorado Plateau,Warm,ATCO,ATCO,Atriplex confertifolia,Native,Perennial,Shrub,No
PEFO,Colorado Plateau,None,ATCO,ATCO,Atriplex confertifolia,Native,Perennial,Shrub,No
PEFO,Colorado Plateau,Warm,ATSP,ATSP.PEFO,"Atriplex spp., PEFO",Native/Unknown,Perennial,Shrub,No
PEFO,Colorado Plateau,Warm,BRRU2,BRRU2,Bromus rubens,Introduced,Annual,Grass,No
PEFO,Colorado Plateau,Med-Warm,BRRU2,BRRU2,Bromus rubens,Introduced,Annual,Grass,No
PEFO,Colorado Plateau,Med-Warm,CHAL11,CHAL11,Chamaesyce albomarginata,Native,Perennial,Forb,No
PEFO,Colorado Plateau,Warm,CHAL11,CHAL11,Chamaesyce albomarginata,Native,Perennial,Forb,No
PEFO,Colorado Plateau,Med-Warm,CRCR3,CRCR3,Cryptantha crassisepala,Native,Annual,Forb,No
PEFO,Colorado Plateau,None,CRCR3,CRCR3,Cryptantha crassisepala,Native,Annual,Forb,No
PEFO,Colorado Plateau,Warm,DEPI,DEPI,Descurainia pinnata,Native,Unknown,Forb,No
PEFO,Colorado Plateau,Med-Warm,DEPI,DEPI,Descurainia pinnata,Native,Unknown,Forb,No
PEFO,Colorado Plateau,Warm,ERISP,ERISP.PEFO,"Eriogonum spp., PEFO",Native,Unknown,Forb,No
PEFO,Colorado Plateau,Med-Warm,GUSA2,GUSA2,Gutierrezia sarothrae,Native,Perennial,Shrub,No
PEFO,Colorado Plateau,Warm,HAGL,HAGL,Halogeton glomeratus,Introduced,Annual,Forb,No
PEFO,Colorado Plateau,Med-Warm,HAGL,HAGL,Halogeton glomeratus,Introduced,Annual,Forb,No
PEFO,Colorado Plateau,None,MENSPP,MENSPP.PEFO,"Mentzelia spp., PEFO",Native,Unknown,Forb,No
PEFO,Colorado Plateau,Med-Warm,PORSPP,PORSPP.PEFO,"Portulaca spp., PEFO",Native,Unknown,Forb,No
PEFO,Colorado Plateau,Warm,SATR12,SATR12,Salsola tragus,Introduced,Annual,Forb,No
PEFO,Colorado Plateau,Med-Warm,SPCR,SPCR,Sporobolus cryptandrus,Native,Perennial,Grass,No
PEFO,Colorado Plateau,Warm,TOIN,TOIN,Townsendia incana,Native,Unknown,Forb,No
PEFO,Colorado Plateau,Med-Warm,TOIN,TOIN,Townsendia incana,Native,Unknown,Forb,No
PEFO,Colorado Plateau,None,TOIN,TOIN,Townsendia incana,Native,Unknown,Forb,No
PEFO,Colorado Plateau,Warm,UCHEN1,UCHEN1.PEFO,"Unknown UCHEN1 (?), PEFO",Unknown,Unknown,Unknown,No
PEFO,Colorado Plateau,Med-Warm,UCHEN1,UCHEN1.PEFO,"Unknown UCHEN1 (?), PEFO",Unknown,Unknown,Unknown,No
PEFO,Colorado Plateau,Med-Warm,UCHEN2,UCHEN2.PEFO,"Unknown UCHEN2 (?), PEFO",Unknown,Unknown,Unknown,No
PEFO,Colorado Plateau,Warm,UCHEN2,UCHEN2.PEFO,"Unknown UCHEN2 (?), PEFO",Unknown,Unknown,Unknown,No
PEFO,Colorado Plateau,None,UCHEN2,UCHEN2.PEFO,"Unknown UCHEN2 (?), PEFO",Unknown,Unknown,Unknown,No
PEFO,Colorado Plateau,Warm,UNFO1,UNFO1.PEFO,"Unknown forb 1, PEFO",Unknown,Unknown,Forb,No
PEFO,Colorado Plateau,Med-Warm,UNFO1,UNFO1.PEFO,"Unknown forb 1, PEFO",Unknown,Unknown,Forb,No
PEFO,Colorado Plateau,None,UNFO1,UNFO1.PEFO,"Unknown forb 1, PEFO",Unknown,Unknown,Forb,No
PEFO,Colorado Plateau,Warm,UNGR1,UNGR1.PEFO,"Unknown grass 1, PEFO",Native,Unknown,Grass,No
PEFO,Colorado Plateau,Med-Warm,UNGR1,UNGR1.PEFO,"Unknown grass 1, PEFO",Native,Unknown,Grass,No
PEFO,Colorado Plateau,Med-Warm,UNGR3,UNGR3.PEFO,"Unknown grass 3, PEFO",Native,Unknown,Grass,No
PEFO,Colorado Plateau,Warm,UNGR3,UNGR3.PEFO,"Unknown grass 3, PEFO",Native,Unknown,Grass,No
PEFO,Colorado Plateau,Med-Warm,UNGR,UNGR.PEFO,"Unknown grass, PEFO",Native,Unknown,Grass,No
PEFO,Colorado Plateau,Warm,BOSPP,BOSPP.PEFO,"local Bouteloua species (unknown), PEFO",Native,Unknown,Grass,No
PEFO,Colorado Plateau,Med-Warm,BOSPP,BOSPP.PEFO,"local Bouteloua species (unknown), PEFO",Native,Unknown,Grass,No
Spiderweb,Colorado Plateau,Med-Warm,ALIN,ALIN,Allionia incarnata,Native,Unknown,Forb,No
Spiderweb,Colorado Plateau,Warm,ALIN,ALIN,Allionia incarnata,Native,Unknown,Forb,No
Spiderweb,Colorado Plateau,Warm,ATCO,ATCO,Atriplex confertifolia,Native,Perennial,Shrub,No
Spiderweb,Colorado Plateau,Med-Warm,BOSI2,BOSI2,Bouteloua simplex,Native,Annual,Grass,No
Spiderweb,Colorado Plateau,Warm,BOSI2,BOSI2,Bouteloua simplex,Native,Annual,Grass,No
Spiderweb,Colorado Plateau,Warm,CHCO2,CHCO2,Chamaesaracha coronopus,Native,Perennial,Forb,No
Spiderweb,Colorado Plateau,Med-Warm,CHCO2,CHCO2,Chamaesaracha coronopus,Native,Perennial,Forb,No
Spiderweb,Colorado Plateau,None,CHCO2,CHCO2,Chamaesaracha coronopus,Native,Perennial,Forb,No
Spiderweb,Colorado Plateau,Warm,CHAL11,CHAL11,Chamaesyce albomarginata,Native,Perennial,Forb,No
Spiderweb,Colorado Plateau,Med-Warm,CHAL11,CHAL11,Chamaesyce albomarginata,Native,Perennial,Forb,No
Spiderweb,Colorado Plateau,Warm,CLLU2,CLLU2,Cleome lutea,Native,Annual,Forb,No
Spiderweb,Colorado Plateau,Med-Warm,CLLU2,CLLU2,Cleome lutea,Native,Annual,Forb,No
Spiderweb,Colorado Plateau,Warm,DAPU7,DAPU7,Dasyochloa pulchella,Native,Perennial,Grass,No
Spiderweb,Colorado Plateau,Warm,GILSPP,GILSPP.Spiderweb,"Gilia spp., Spiderweb",Native,Unknown,Forb,No
Spiderweb,Colorado Plateau,Warm,HAGL,HAGL,Halogeton glomeratus,Introduced,Annual,Forb,No
Spiderweb,Colorado Plateau,Med-Warm,HAGL,HAGL,Halogeton glomeratus,Introduced,Annual,Forb,No
Spiderweb,Colorado Plateau,None,HAGL,HAGL,Halogeton glomeratus,Introduced,Annual,Forb,No
Spiderweb,Colorado Plateau,Med-Warm,LOESE2,LOESE2,Loeseliastrum franciscanum,Native,Annual,Forb,No
Spiderweb,Colorado Plateau,Warm,LOESE2,LOESE2,Loeseliastrum franciscanum,Native,Annual,Forb,No
Spiderweb,Colorado Plateau,Warm,MAGR10,MAGR10,Machaeranthera gracilis,Native,Annual,Forb,No
Spiderweb,Colorado Plateau,Med-Warm,SATR12,SATR12,Salsola tragus,Introduced,Annual,Forb,No
Spiderweb,Colorado Plateau,None,SATR12,SATR12,Salsola tragus,Introduced,Annual,Forb,No
Spiderweb,Colorado Plateau,Warm,SATR12,SATR12,Salsola tragus,Introduced,Annual,Forb,No
Spiderweb,Colorado Plateau,Med-Warm,TRTE,TRTE,Tribulus terrestris,Introduced,Annual,Forb,No
Spiderweb,Colorado Plateau,Warm,TRTE,TRTE,Tribulus terrestris,Introduced,Annual,Forb,No
Spiderweb,Colorado Plateau,Med-Warm,UNFO3,UNFO3.Spiderweb,"Unknown forb 3, Spiderweb",Unknown,Unknown,Forb,No
Spiderweb,Colorado Plateau,Warm,UNFO5,UNFO5.Spiderweb,"Unknown forb 5, Spiderweb",Unknown,Unknown,Forb,No
Spiderweb,Colorado Plateau,Warm,UNFO6,UNFO6.Spiderweb,"Unknown forb 6, Spiderweb",Unknown,Unknown,Forb,No
Spiderweb,Colorado Plateau,Med-Warm,UNFO7,UNFO7.Spiderweb,"Unknown forb 7, Spiderweb",Unknown,Unknown,Forb,No
Spiderweb,Colorado Plateau,Warm,UNFO7,UNFO7.Spiderweb,"Unknown forb 7, Spiderweb",Unknown,Unknown,Forb,No
Spiderweb,Colorado Plateau,Med-Warm,UNFO8,UNFO8.Spiderweb,"Unknown forb 8, Spiderweb",Unknown,Unknown,Forb,No
Spiderweb,Colorado Plateau,Warm,UNFO8,UNFO8.Spiderweb,"Unknown forb 8, Spiderweb",Unknown,Unknown,Forb,No
Spiderweb,Colorado Plateau,Warm,UNGR,UNGR.Spiderweb,"Unknown grass, Spiderweb",Native,Unknown,Grass,No
Spiderweb,Colorado Plateau,Med-Warm,UNGR,UNGR.Spiderweb,"Unknown grass, Spiderweb",Native,Unknown,Grass,No
Spiderweb,Colorado Plateau,Warm,BOSPP,BOSPP.Spiderweb,"local Bouteloua species (unknown), Spiderweb",Native,Unknown,Grass,No
TLE,Colorado Plateau,Warm,ACHY,ACHY,Achnatherum hymenoides,Native,Perennial,Grass,No
TLE,Colorado Plateau,None,ACHY,ACHY,Achnatherum hymenoides,Native,Perennial,Grass,No
TLE,Colorado Plateau,Cool,ACHY,ACHY,Achnatherum hymenoides,Native,Perennial,Grass,No
TLE,Colorado Plateau,Warm,AMTO3,AMTO3,Ambrosia tomentosa,Native,Perennial,Forb,No
TLE,Colorado Plateau,Cool,AMTO3,AMTO3,Ambrosia tomentosa,Native,Perennial,Forb,No
TLE,Colorado Plateau,Cool,BRRU2,BRRU2,Bromus rubens,Introduced,Annual,Grass,No
TLE,Colorado Plateau,None,BRRU2,BRRU2,Bromus rubens,Introduced,Annual,Grass,No
TLE,Colorado Plateau,Warm,BRRU2,BRRU2,Bromus rubens,Introduced,Annual,Grass,No
TLE,Colorado Plateau,Warm,CHAL11,CHAL11,Chamaesyce albomarginata,Native,Perennial,Forb,No
TLE,Colorado Plateau,Warm,DAPU7,DAPU7,Dasyochloa pulchella,Native,Perennial,Grass,No
TLE,Colorado Plateau,Cool,DAPU7,DAPU7,Dasyochloa pulchella,Native,Perennial,Grass,No
TLE,Colorado Plateau,None,DAPU7,DAPU7,Dasyochloa pulchella,Native,Perennial,Grass,No
TLE,Colorado Plateau,Warm,MACSPP,MACSPP.TLE,"Machaeranthera spp., TLE",Native,Unknown,Forb,No
TLE,Colorado Plateau,Cool,MEAL6,MEAL6,Mentzelia albicaulis,Native,Annual,Forb,No
TLE,Colorado Plateau,Warm,SATR12,SATR12,Salsola tragus,Introduced,Annual,Forb,No
TLE,Colorado Plateau,Cool,SATR12,SATR12,Salsola tragus,Introduced,Annual,Forb,No
TLE,Colorado Plateau,None,SATR12,SATR12,Salsola tragus,Introduced,Annual,Forb,No
TLE,Colorado Plateau,Warm,SPSP,SPSP.TLE,"Sphaeralcea spp., TLE",Native/Unknown,Unknown,Forb,No
TLE,Colorado Plateau,Cool,SPSP,SPSP.TLE,"Sphaeralcea spp., TLE",Native/Unknown,Unknown,Forb,No
TLE,Colorado Plateau,None,SPSP,SPSP.TLE,"Sphaeralcea spp., TLE",Native/Unknown,Unknown,Forb,No
TLE,Colorado Plateau,Warm,TRTE,TRTE,Tribulus terrestris,Introduced,Annual,Forb,No
TLE,Colorado Plateau,Cool,TRTE,TRTE,Tribulus terrestris,Introduced,Annual,Forb,No
TLE,Colorado Plateau,None,TRTE,TRTE,Tribulus terrestris,Introduced,Annual,Forb,No
TLE,Colorado Plateau,Warm,CHEN,CHEN.TLE,"Unknown chenopod, TLE",Native/Unknown,Unknown,Forb,No
TLE,Colorado Plateau,Warm,UNFO2,UNFO2.TLE,"Unknown forb 2, TLE",Unknown,Unknown,Forb,No
TLE,Colorado Plateau,Warm,UNGR,UNGR.TLE,"Unknown grass, TLE",Native,Unknown,Grass,No
TLE,Colorado Plateau,None,UNGR,UNGR.TLE,"Unknown grass, TLE",Native,Unknown,Grass,No
TLE,Colorado Plateau,Cool,UNGR,UNGR.TLE,"Unknown grass, TLE",Native,Unknown,Grass,No
29_Palms,Mojave,Warm,CHASPP,CHASPP.29_Palms,"Chaenactis spp., 29_Palms",Native,Unknown,Forb,No
29_Palms,Mojave,Warm,CRYSPP,CRYSPP.29_Palms,"Cryptantha spp., 29_Palms",Native,Unknown,Forb,No
29_Palms,Mojave,None,CRYSPP,CRYSPP.29_Palms,"Cryptantha spp., 29_Palms",Native,Unknown,Forb,No
29_Palms,Mojave,Cool,CRYSPP,CRYSPP.29_Palms,"Cryptantha spp., 29_Palms",Native,Unknown,Forb,No
29_Palms,Mojave,Cool,GILSPP,GILSPP.29_Palms,"Gilia spp., 29_Palms",Native,Unknown,Forb,No
29_Palms,Mojave,Cool,LEPSPP,LEPSPP.29_Palms,"Lepidium spp., 29_Palms",Native/Unknown,Unknown,Forb,No
29_Palms,Mojave,Cool,MENSPP,MENSPP.29_Palms,"Mentzelia spp., 29_Palms",Native,Unknown,Forb,No
29_Palms,Mojave,Warm,PEPL,PEPL,Pectocarya platycarpa,Native,Annual,Forb,No
29_Palms,Mojave,Cool,PECSPP,PECSPP.29_Palms,"Pectocarya spp., 29_Palms",Native,Unknown,Forb,No
29_Palms,Mojave,Cool,PLOV,PLOV,Plantago ovata,Native,Annual,Forb,No
29_Palms,Mojave,Warm,PLOV,PLOV,Plantago ovata,Native,Annual,Forb,No
29_Palms,Mojave,Warm,SCBA,SCBA,Schismus barbatus,Introduced,Annual,Grass,No
29_Palms,Mojave,Cool,SCBA,SCBA,Schismus barbatus,Introduced,Annual,Grass,No
AVRCD,Mojave,Cool,AMTE3,AMTE3,Amsinckia tessellata,Native,Annual,Forb,No
AVRCD,Mojave,Warm,AMTE3,AMTE3,Amsinckia tessellata,Native,Annual,Forb,No
AVRCD,Mojave,None,AMTE3,AMTE3,Amsinckia tessellata,Native,Annual,Forb,No
AVRCD,Mojave,None,BRRU2,BRRU2,Bromus rubens,Introduced,Annual,Grass,No
AVRCD,Mojave,Warm,BRRU2,BRRU2,Bromus rubens,Introduced,Annual,Grass,No
AVRCD,Mojave,Cool,BRRU2,BRRU2,Bromus rubens,Introduced,Annual,Grass,No
AVRCD,Mojave,Cool,CRSE11,CRSE11,Croton setigerus,Native,Annual,Forb,No
AVRCD,Mojave,Cool,CRYSPP,CRYSPP.AVRCD,"Cryptantha spp., AVRCD",Native,Unknown,Forb,No
AVRCD,Mojave,Warm,ERIN4,ERIN4,Eriogonum inflatum,Native,Unknown,Forb,No
AVRCD,Mojave,Cool,ERCI6,ERCI6,Erodium cicutarium,Introduced,Annual,Forb,No
AVRCD,Mojave,Warm,ERCI6,ERCI6,Erodium cicutarium,Introduced,Annual,Forb,No
AVRCD,Mojave,None,ERCI6,ERCI6,Erodium cicutarium,Introduced,Annual,Forb,No
AVRCD,Mojave,Cool,HIIN3,HIIN3,Hirschfeldia incana,Introduced,Unknown,Forb,No
AVRCD,Mojave,Warm,HIIN3,HIIN3,Hirschfeldia incana,Introduced,Unknown,Forb,No
AVRCD,Mojave,None,HIIN3,HIIN3,Hirschfeldia incana,Introduced,Unknown,Forb,No
AVRCD,Mojave,Cool,LACA7,LACA7,Lasthenia californica,Native,Unknown,Forb,No
AVRCD,Mojave,Warm,LACA7,LACA7,Lasthenia californica,Native,Unknown,Forb,No
AVRCD,Mojave,Cool,MADI6,MADI6,Matricaria discoidea,Introduced,Annual,Forb,No
AVRCD,Mojave,Warm,MADI6,MADI6,Matricaria discoidea,Introduced,Annual,Forb,No
AVRCD,Mojave,Cool,PEPL,PEPL,Pectocarya platycarpa,Native,Annual,Forb,No
AVRCD,Mojave,Warm,PEPL,PEPL,Pectocarya platycarpa,Native,Annual,Forb,No
AVRCD,Mojave,None,PEPL,PEPL,Pectocarya platycarpa,Native,Annual,Forb,No
AVRCD,Mojave,Cool,SCBA,SCBA,Schismus barbatus,Introduced,Annual,Grass,No
AVRCD,Mojave,Warm,SCBA,SCBA,Schismus barbatus,Introduced,Annual,Grass,No
AVRCD,Mojave,None,SCBA,SCBA,Schismus barbatus,Introduced,Annual,Grass,No
AVRCD,Mojave,Cool,SIAL2,SIAL2,Sisymbrium altissimum,Introduced,Annual,Forb,No
AVRCD,Mojave,Warm,SIAL2,SIAL2,Sisymbrium altissimum,Introduced,Annual,Forb,No
AVRCD,Mojave,None,SIAL2,SIAL2,Sisymbrium altissimum,Introduced,Annual,Forb,No
AVRCD,Mojave,None,SPAM2,SPAM2,Sphaeralcea ambigua,Native,Perennial,Forb,No
AVRCD,Mojave,Cool,SPAM2,SPAM2,Sphaeralcea ambigua,Native,Perennial,Forb,No
AVRCD,Mojave,Cool,UNFO2A,UNFO2A.AVRCD,"Unknown forb 2A, AVRCD",Unknown,Unknown,Forb,No
AVRCD,Mojave,Warm,UNFO2A,UNFO2A.AVRCD,"Unknown forb 2A, AVRCD",Unknown,Unknown,Forb,No
Pleasant,Sonoran Central,Cool,ACMIS,ACMIS,Acmispon (Lotus),Native,Unknown,Forb,No
Pleasant,Sonoran Central,Cool,AMMEI2,AMMEI2,Amsinckia menziesii,Native,Annual,Forb,No
Pleasant,Sonoran Central,Warm,AMMEI2,AMMEI2,Amsinckia menziesii,Native,Annual,Forb,No
Pleasant,Sonoran Central,Warm,BRRU2,BRRU2,Bromus rubens,Introduced,Annual,Grass,No
Pleasant,Sonoran Central,None,BRRU2,BRRU2,Bromus rubens,Introduced,Annual,Grass,No
Pleasant,Sonoran Central,Cool,BRRU2,BRRU2,Bromus rubens,Introduced,Annual,Grass,No
Pleasant,Sonoran Central,None,CACI2,CACI2,Calandrinia ciliata,Native,Annual,Forb,No
Pleasant,Sonoran Central,Cool,CACI2,CACI2,Calandrinia ciliata,Native,Annual,Forb,No
Pleasant,Sonoran Central,None,EUAB,EUAB,Chamaesyce abramsiana,Native,Annual,Forb,No
Pleasant,Sonoran Central,Warm,EUAB,EUAB,Chamaesyce abramsiana,Native,Annual,Forb,No
Pleasant,Sonoran Central,Cool,EUAB,EUAB,Chamaesyce abramsiana,Native,Annual,Forb,No
Pleasant,Sonoran Central,Cool,CRCO34,CRCO34,Crassula connata,Native,Annual,Forb,No
Pleasant,Sonoran Central,None,ERCI6,ERCI6,Erodium cicutarium,Introduced,Annual,Forb,No
Pleasant,Sonoran Central,Cool,ERCI6,ERCI6,Erodium cicutarium,Introduced,Annual,Forb,No
Pleasant,Sonoran Central,Warm,ERCI6,ERCI6,Erodium cicutarium,Introduced,Annual,Forb,No
Pleasant,Sonoran Central,Warm,HAPAA,HAPAA,Harpagonella palmeri,Native,Annual,Forb,No
Pleasant,Sonoran Central,Warm,HEHIC,HEHIC,Herniaria hirsuta,Introduced,Annual,Forb,No
Pleasant,Sonoran Central,Warm,LELA,LELA,Lepidium lasiocarpum,Native,Annual,Forb,No
Pleasant,Sonoran Central,Cool,LOAR12,LOAR12,Logfia arizonica,Native,Annual,Forb,No
Pleasant,Sonoran Central,Warm,LOAR12,LOAR12,Logfia arizonica,Native,Annual,Forb,No
Pleasant,Sonoran Central,Warm,LOHU2,LOHU2,Lotus humistratus,Native,Annual,Forb,No
Pleasant,Sonoran Central,None,LOHU2,LOHU2,Lotus humistratus,Native,Annual,Forb,No
Pleasant,Sonoran Central,Cool,LOSTT,LOSTT,Lotus strigosus,Native,Annual,Forb,No
Pleasant,Sonoran Central,Warm,LUSP2,LUSP2,Lupinus sparsiflorus,Native,Annual,Forb,No
Pleasant,Sonoran Central,Cool,MAPA5,MAPA5,Malva parviflora,Introduced,Unknown,Forb,No
Pleasant,Sonoran Central,Warm,MEIN2,MEIN2,Melilotus indicus,Introduced,Annual,Forb,No
Pleasant,Sonoran Central,Warm,MONU,MONU,Monolepis nuttalliana,Native,Annual,Forb,No
Pleasant,Sonoran Central,Cool,PEHE,PEHE,Pectocarya heterocarpa,Native,Annual,Forb,No
Pleasant,Sonoran Central,Warm,PEHE,PEHE,Pectocarya heterocarpa,Native,Annual,Forb,No
Pleasant,Sonoran Central,None,PEHE,PEHE,Pectocarya heterocarpa,Native,Annual,Forb,No
Pleasant,Sonoran Central,Warm,PEPL,PEPL,Pectocarya platycarpa,Native,Annual,Forb,No
Pleasant,Sonoran Central,Cool,PEPL,PEPL,Pectocarya platycarpa,Native,Annual,Forb,No
Pleasant,Sonoran Central,None,PEPL,PEPL,Pectocarya platycarpa,Native,Annual,Forb,No
Pleasant,Sonoran Central,Warm,PERE,PERE,Pectocarya recurvata,Native,Annual,Forb,No
Pleasant,Sonoran Central,None,PERE,PERE,Pectocarya recurvata,Native,Annual,Forb,No
Pleasant,Sonoran Central,Cool,PERE,PERE,Pectocarya recurvata,Native,Annual,Forb,No
Pleasant,Sonoran Central,Cool,PLAR,PLAR,Plagiobothrys arizonicus,Native,Annual,Forb,No
Pleasant,Sonoran Central,Warm,PLAR,PLAR,Plagiobothrys arizonicus,Native,Annual,Forb,No
Pleasant,Sonoran Central,None,PLAR,PLAR,Plagiobothrys arizonicus,Native,Annual,Forb,No
Pleasant,Sonoran Central,Warm,PLPR3,PLPR3,Plagiobothrys pringlei,Native,Annual,Forb,No
Pleasant,Sonoran Central,Cool,PLPR3,PLPR3,Plagiobothrys pringlei,Native,Annual,Forb,No
Pleasant,Sonoran Central,None,PLPR3,PLPR3,Plagiobothrys pringlei,Native,Annual,Forb,No
Pleasant,Sonoran Central,Cool,PLOV,PLOV,Plantago ovata,Native,Annual,Forb,No
Pleasant,Sonoran Central,None,PLOV,PLOV,Plantago ovata,Native,Annual,Forb,No
Pleasant,Sonoran Central,None,SACO6,SACO6,Salvia columbariae,Native,Annual,Forb,No
Pleasant,Sonoran Central,Warm,SACO6,SACO6,Salvia columbariae,Native,Annual,Forb,No
Pleasant,Sonoran Central,Warm,SCBA,SCBA,Schismus barbatus,Introduced,Annual,Grass,No
Pleasant,Sonoran Central,None,SCBA,SCBA,Schismus barbatus,Introduced,Annual,Grass,No
Pleasant,Sonoran Central,Cool,SCBA,SCBA,Schismus barbatus,Introduced,Annual,Grass,No
Preserve,Sonoran Central,Warm,ABPA3,ABPA3,Abutilon parvulum,Native,Perennial,Forb,No
Preserve,Sonoran Central,None,AMCO3,AMCO3,Ambrosia confertiflora,Native,Perennial,Forb,No
Preserve,Sonoran Central,Cool,ARAD,ARAD,Aristida adscensionis,Native,Annual,Grass,No
Preserve,Sonoran Central,Warm,ARAD,ARAD,Aristida adscensionis,Native,Annual,Grass,No
Preserve,Sonoran Central,Cool,BOAR,BOAR,Bouteloua aristidoides,Native,Annual,Grass,No
Preserve,Sonoran Central,None,BOAR,BOAR,Bouteloua aristidoides,Native,Annual,Grass,No
Preserve,Sonoran Central,Cool,BORO2,BORO2,Bouteloua rothrockii,Native,Perennial,Grass,No
Preserve,Sonoran Central,Cool,BRRU2,BRRU2,Bromus rubens,Introduced,Annual,Grass,No
Preserve,Sonoran Central,None,BRRU2,BRRU2,Bromus rubens,Introduced,Annual,Grass,No
Preserve,Sonoran Central,Warm,BRRU2,BRRU2,Bromus rubens,Introduced,Annual,Grass,No
Preserve,Sonoran Central,Cool,CHPO12,CHPO12,Chamaesyce polycarpa,Native,Unknown,Forb,No
Preserve,Sonoran Central,Warm,CHPO12,CHPO12,Chamaesyce polycarpa,Native,Unknown,Forb,No
Preserve,Sonoran Central,None,CHPO12,CHPO12,Chamaesyce polycarpa,Native,Unknown,Forb,No
Preserve,Sonoran Central,Warm,CHBR,CHBR,Chorizanthe brevicornu,Native,Annual,Forb,No
Preserve,Sonoran Central,Cool,CRCO34,CRCO34,Crassula connata,Native,Annual,Forb,No
Preserve,Sonoran Central,Warm,CRCO34,CRCO34,Crassula connata,Native,Annual,Forb,No
Preserve,Sonoran Central,Warm,CRBA5,CRBA5,Cryptantha barbigera,Native,Annual,Forb,No
Preserve,Sonoran Central,Cool,ERIAS,ERIAS,Eriastrum,Native,Unknown,Forb,No
Preserve,Sonoran Central,Warm,ERIAS,ERIAS,Eriastrum,Native,Unknown,Forb,No
Preserve,Sonoran Central,Cool,ERDI2,ERDI2,Eriastrum diffusum,Native,Annual,Forb,No
Preserve,Sonoran Central,Warm,ERDI2,ERDI2,Eriastrum diffusum,Native,Annual,Forb,No
Preserve,Sonoran Central,None,ERDI2,ERDI2,Eriastrum diffusum,Native,Annual,Forb,No
Preserve,Sonoran Central,Cool,ERPA11,ERPA11,Eriogonum palmerianum,Native,Annual,Forb,No
Preserve,Sonoran Central,Warm,ERPA11,ERPA11,Eriogonum palmerianum,Native,Annual,Forb,No
Preserve,Sonoran Central,None,ERPA11,ERPA11,Eriogonum palmerianum,Native,Annual,Forb,No
Preserve,Sonoran Central,Cool,ERCI6,ERCI6,Erodium cicutarium,Introduced,Annual,Forb,No
Preserve,Sonoran Central,None,ERCI6,ERCI6,Erodium cicutarium,Introduced,Annual,Forb,No
Preserve,Sonoran Central,Warm,ERCI6,ERCI6,Erodium cicutarium,Introduced,Annual,Forb,No
Preserve,Sonoran Central,Cool,HEHIC,HEHIC,Herniaria hirsuta,Introduced,Annual,Forb,No
Preserve,Sonoran Central,Warm,HEHIC,HEHIC,Herniaria hirsuta,Introduced,Annual,Forb,No
Preserve,Sonoran Central,None,HEHIC,HEHIC,Herniaria hirsuta,Introduced,Annual,Forb,No
Preserve,Sonoran Central,Warm,LACA7,LACA7,Lasthenia californica,Native,Unknown,Forb,No
Preserve,Sonoran Central,Cool,LACA7,LACA7,Lasthenia californica,Native,Unknown,Forb,No
Preserve,Sonoran Central,Cool,LAGR10,LAGR10,Lasthenia gracilis,Native,Annual,Forb,No
Preserve,Sonoran Central,Warm,LAGR10,LAGR10,Lasthenia gracilis,Native,Annual,Forb,No
Preserve,Sonoran Central,None,LAGR10,LAGR10,Lasthenia gracilis,Native,Annual,Forb,No
Preserve,Sonoran Central,Warm,LELA,LELA,Lepidium lasiocarpum,Native,Annual,Forb,No
Preserve,Sonoran Central,Cool,LELA,LELA,Lepidium lasiocarpum,Native,Annual,Forb,No
Preserve,Sonoran Central,Cool,LOSQ,LOSQ,Loeflingia squarrosa,Native,Annual,Forb,No
Preserve,Sonoran Central,None,LOSQ,LOSQ,Loeflingia squarrosa,Native,Annual,Forb,No
Preserve,Sonoran Central,Warm,LOSQ,LOSQ,Loeflingia squarrosa,Native,Annual,Forb,No
Preserve,Sonoran Central,Cool,LOAR12,LOAR12,Logfia arizonica,Native,Annual,Forb,No
Preserve,Sonoran Central,None,LOAR12,LOAR12,Logfia arizonica,Native,Annual,Forb,No
Preserve,Sonoran Central,Warm,LOAR12,LOAR12,Logfia arizonica,Native,Annual,Forb,No
Preserve,Sonoran Central,Warm,LOHU2,LOHU2,Lotus humistratus,Native,Annual,Forb,No
Preserve,Sonoran Central,Cool,LOHU2,LOHU2,Lotus humistratus,Native,Annual,Forb,No
Preserve,Sonoran Central,None,LOHU2,LOHU2,Lotus humistratus,Native,Annual,Forb,No
Preserve,Sonoran Central,Warm,LOSTT,LOSTT,Lotus strigosus,Native,Annual,Forb,No
Preserve,Sonoran Central,Cool,LOSTT,LOSTT,Lotus strigosus,Native,Annual,Forb,No
Preserve,Sonoran Central,Warm,LUCO,LUCO,Lupinus concinnus,Native,Annual,Forb,No
Preserve,Sonoran Central,Warm,LUSP2,LUSP2,Lupinus sparsiflorus,Native,Annual,Forb,No
Preserve,Sonoran Central,None,PECTO,PECTO,Pectocarya,Native,Annual,Forb,No
Preserve,Sonoran Central,Cool,PEHE,PEHE,Pectocarya heterocarpa,Native,Annual,Forb,No
Preserve,Sonoran Central,None,PEHE,PEHE,Pectocarya heterocarpa,Native,Annual,Forb,No
Preserve,Sonoran Central,Warm,PEHE,PEHE,Pectocarya heterocarpa,Native,Annual,Forb,No
Preserve,Sonoran Central,Cool,PEPL,PEPL,Pectocarya platycarpa,Native,Annual,Forb,No
Preserve,Sonoran Central,None,PEPL,PEPL,Pectocarya platycarpa,Native,Annual,Forb,No
Preserve,Sonoran Central,Warm,PEPL,PEPL,Pectocarya platycarpa,Native,Annual,Forb,No
Preserve,Sonoran Central,Cool,PERE,PERE,Pectocarya recurvata,Native,Annual,Forb,No
Preserve,Sonoran Central,Warm,PLAR,PLAR,Plagiobothrys arizonicus,Native,Annual,Forb,No
Preserve,Sonoran Central,Cool,PLAR,PLAR,Plagiobothrys arizonicus,Native,Annual,Forb,No
Preserve,Sonoran Central,Cool,PLPR3,PLPR3,Plagiobothrys pringlei,Native,Annual,Forb,No
Preserve,Sonoran Central,Warm,PLPR3,PLPR3,Plagiobothrys pringlei,Native,Annual,Forb,No
Preserve,Sonoran Central,None,PLPR3,PLPR3,Plagiobothrys pringlei,Native,Annual,Forb,No
Preserve,Sonoran Central,Cool,PLPA2,PLPA2,Plantago patagonica,Native,Annual,Forb,No
Preserve,Sonoran Central,Warm,PLPA2,PLPA2,Plantago patagonica,Native,Annual,Forb,No
Preserve,Sonoran Central,Cool,SCBA,SCBA,Schismus barbatus,Introduced,Annual,Grass,No
Preserve,Sonoran Central,None,SCBA,SCBA,Schismus barbatus,Introduced,Annual,Grass,No
Preserve,Sonoran Central,Warm,SCBA,SCBA,Schismus barbatus,Introduced,Annual,Grass,No
Preserve,Sonoran Central,Cool,SIAN2,SIAN2,Silene antirrhina,Native,Annual,Forb,No
Preserve,Sonoran Central,Cool,STGN,STGN,Stylocline gnaphalioides,Native,Annual,Forb,No
Preserve,Sonoran Central,None,STGN,STGN,Stylocline gnaphalioides,Native,Annual,Forb,No
Preserve,Sonoran Central,Warm,STGN,STGN,Stylocline gnaphalioides,Native,Annual,Forb,No
Preserve,Sonoran Central,Cool,VUOC,VUOC,Vulpia octoflora,Native,Annual,Grass,No
Preserve,Sonoran Central,Warm,VUOC,VUOC,Vulpia octoflora,Native,Annual,Grass,No
Preserve,Sonoran Central,None,VUOC,VUOC,Vulpia octoflora,Native,Annual,Grass,No
Roosevelt,Sonoran Central,Warm,AMMEI2,AMMEI2,Amsinckia menziesii,Native,Annual,Forb,No
Roosevelt,Sonoran Central,Warm,ASNU4,ASNU4,Astragalus nuttallianus,Native,Unknown,Forb,No
Roosevelt,Sonoran Central,None,ASNU4,ASNU4,Astragalus nuttallianus,Native,Unknown,Forb,No
Roosevelt,Sonoran Central,Cool,ASNU4,ASNU4,Astragalus nuttallianus,Native,Unknown,Forb,No
Roosevelt,Sonoran Central,Cool,BRRU2,BRRU2,Bromus rubens,Introduced,Annual,Grass,No
Roosevelt,Sonoran Central,Warm,BRRU2,BRRU2,Bromus rubens,Introduced,Annual,Grass,No
Roosevelt,Sonoran Central,None,BRRU2,BRRU2,Bromus rubens,Introduced,Annual,Grass,No
Roosevelt,Sonoran Central,Warm,CHAL11,CHAL11,Chamaesyce albomarginata,Native,Perennial,Forb,No
Roosevelt,Sonoran Central,Warm,CHPO12,CHPO12,Chamaesyce polycarpa,Native,Unknown,Forb,No
Roosevelt,Sonoran Central,Cool,CHPO12,CHPO12,Chamaesyce polycarpa,Native,Unknown,Forb,No
Roosevelt,Sonoran Central,Warm,CRCO34,CRCO34,Crassula connata,Native,Annual,Forb,No
Roosevelt,Sonoran Central,Cool,CRYPT,CRYPT.Roosevelt,"Cryptantha spp., Roosevelt",Native,Unknown,Forb,No
Roosevelt,Sonoran Central,Warm,CRYPT,CRYPT.Roosevelt,"Cryptantha spp., Roosevelt",Native,Unknown,Forb,No
Roosevelt,Sonoran Central,Cool,DAPU3,DAPU3,Daucus pusillus,Native,Annual,Forb,No
Roosevelt,Sonoran Central,Warm,DAPU3,DAPU3,Daucus pusillus,Native,Annual,Forb,No
Roosevelt,Sonoran Central,Warm,DICA14,DICA14,Dichelostemma capitatum,Native,Perennial,Forb,No
Roosevelt,Sonoran Central,Cool,DICA14,DICA14,Dichelostemma capitatum,Native,Perennial,Forb,No
Roosevelt,Sonoran Central,None,DICA14,DICA14,Dichelostemma capitatum,Native,Perennial,Forb,No
Roosevelt,Sonoran Central,Cool,ERCI6,ERCI6,Erodium cicutarium,Introduced,Annual,Forb,No
Roosevelt,Sonoran Central,Warm,ERCI6,ERCI6,Erodium cicutarium,Introduced,Annual,Forb,No
Roosevelt,Sonoran Central,None,ERCI6,ERCI6,Erodium cicutarium,Introduced,Annual,Forb,No
Roosevelt,Sonoran Central,Warm,HAPAA,HAPAA,Harpagonella palmeri,Native,Annual,Forb,No
Roosevelt,Sonoran Central,Warm,HEHIC,HEHIC,Herniaria hirsuta,Introduced,Annual,Forb,No
Roosevelt,Sonoran Central,Cool,LACA7,LACA7,Lasthenia californica,Native,Unknown,Forb,No
Roosevelt,Sonoran Central,Warm,LACA7,LACA7,Lasthenia californica,Native,Unknown,Forb,No
Roosevelt,Sonoran Central,Warm,LAGR10,LAGR10,Lasthenia gracilis,Native,Annual,Forb,No
Roosevelt,Sonoran Central,Cool,LAGR10,LAGR10,Lasthenia gracilis,Native,Annual,Forb,No
Roosevelt,Sonoran Central,None,LAGR10,LAGR10,Lasthenia gracilis,Native,Annual,Forb,No
Roosevelt,Sonoran Central,None,LELA,LELA,Lepidium lasiocarpum,Native,Annual,Forb,No
Roosevelt,Sonoran Central,Cool,LOAR12,LOAR12,Logfia arizonica,Native,Annual,Forb,No
Roosevelt,Sonoran Central,Warm,LOAR12,LOAR12,Logfia arizonica,Native,Annual,Forb,No
Roosevelt,Sonoran Central,None,LOAR12,LOAR12,Logfia arizonica,Native,Annual,Forb,No
Roosevelt,Sonoran Central,Warm,LOHU2,LOHU2,Lotus humistratus,Native,Annual,Forb,No
Roosevelt,Sonoran Central,Cool,LOHU2,LOHU2,Lotus humistratus,Native,Annual,Forb,No
Roosevelt,Sonoran Central,None,LOHU2,LOHU2,Lotus humistratus,Native,Annual,Forb,No
Roosevelt,Sonoran Central,Cool,LOSTT,LOSTT,Lotus strigosus,Native,Annual,Forb,No
Roosevelt,Sonoran Central,Warm,LOSTT,LOSTT,Lotus strigosus,Native,Annual,Forb,No
Roosevelt,Sonoran Central,Warm,LUSP2,LUSP2,Lupinus sparsiflorus,Native,Annual,Forb,No
Roosevelt,Sonoran Central,Warm,MEIN2,MEIN2,Melilotus indicus,Introduced,Annual,Forb,No
Roosevelt,Sonoran Central,Cool,PECTO,PECTO,Pectocarya,Native,Annual,Forb,No
Roosevelt,Sonoran Central,Warm,PEHE,PEHE,Pectocarya heterocarpa,Native,Annual,Forb,No
Roosevelt,Sonoran Central,Cool,PERE,PERE,Pectocarya recurvata,Native,Annual,Forb,No
Roosevelt,Sonoran Central,None,PERE,PERE,Pectocarya recurvata,Native,Annual,Forb,No
Roosevelt,Sonoran Central,Warm,PERE,PERE,Pectocarya recurvata,Native,Annual,Forb,No
Roosevelt,Sonoran Central,Cool,PLAR,PLAR,Plagiobothrys arizonicus,Native,Annual,Forb,No
Roosevelt,Sonoran Central,Warm,PLPR3,PLPR3,Plagiobothrys pringlei,Native,Annual,Forb,No
Roosevelt,Sonoran Central,None,PLPR3,PLPR3,Plagiobothrys pringlei,Native,Annual,Forb,No
Roosevelt,Sonoran Central,Cool,PLPR3,PLPR3,Plagiobothrys pringlei,Native,Annual,Forb,No
Roosevelt,Sonoran Central,Warm,PLANT,PLANT,Plantago,Unknown,Unknown,Forb,No
Roosevelt,Sonoran Central,Warm,PLPA2,PLPA2,Plantago patagonica,Native,Annual,Forb,No
Roosevelt,Sonoran Central,Cool,PLPA2,PLPA2,Plantago patagonica,Native,Annual,Forb,No
Roosevelt,Sonoran Central,Cool,POBI,POBI,Poa bigelovii,Native,Annual,Grass,No
Roosevelt,Sonoran Central,Warm,SACO6,SACO6,Salvia columbariae,Native,Annual,Forb,No
Roosevelt,Sonoran Central,Cool,SCBA,SCBA,Schismus barbatus,Introduced,Annual,Grass,No
Roosevelt,Sonoran Central,Warm,SCBA,SCBA,Schismus barbatus,Introduced,Annual,Grass,No
Roosevelt,Sonoran Central,None,SCBA,SCBA,Schismus barbatus,Introduced,Annual,Grass,No
Roosevelt,Sonoran Central,Warm,SIAN2,SIAN2,Silene antirrhina,Native,Annual,Forb,No
Roosevelt,Sonoran Central,Cool,SIAN2,SIAN2,Silene antirrhina,Native,Annual,Forb,No
Roosevelt,Sonoran Central,Cool,SOOL,SOOL,Sonchus oleraceus,Introduced,Annual,Forb,No
Roosevelt,Sonoran Central,Warm,SOOL,SOOL,Sonchus oleraceus,Introduced,Annual,Forb,No
Roosevelt,Sonoran Central,Cool,VEPEX2,VEPEX2,Veronica peregrina ssp. xalapensis,Native,Annual,Forb,No
Roosevelt,Sonoran Central,Cool,VUOC,VUOC,Vulpia octoflora,Native,Annual,Grass,No
Roosevelt,Sonoran Central,Warm,VUOC,VUOC,Vulpia octoflora,Native,Annual,Grass,No
SCC,Sonoran Central,Cool,BOIN,BOIN,Boerhavia intermedia,Native,Annual,Forb,No
SCC,Sonoran Central,Warm,ERCI6,ERCI6,Erodium cicutarium,Introduced,Annual,Forb,No
SCC,Sonoran Central,Cool,ERCI6,ERCI6,Erodium cicutarium,Introduced,Annual,Forb,No
SCC,Sonoran Central,Cool,MAPA5,MAPA5,Malva parviflora,Introduced,Unknown,Forb,No
SCC,Sonoran Central,None,MAPA5,MAPA5,Malva parviflora,Introduced,Unknown,Forb,No
SCC,Sonoran Central,Warm,MAPA5,MAPA5,Malva parviflora,Introduced,Unknown,Forb,No
SCC,Sonoran Central,Warm,MONU,MONU,Monolepis nuttalliana,Native,Annual,Forb,No
SCC,Sonoran Central,Cool,MONU,MONU,Monolepis nuttalliana,Native,Annual,Forb,No
SCC,Sonoran Central,Cool,ONPI,ONPI,Oncosiphon piluliferum,Introduced,Annual,Forb,No
SCC,Sonoran Central,Cool,POOL,POOL,Portulaca oleracea,Unknown,Annual,Forb,No
SCC,Sonoran Central,Cool,SCBA,SCBA,Schismus barbatus,Introduced,Annual,Grass,No
SCC,Sonoran Central,None,SCBA,SCBA,Schismus barbatus,Introduced,Annual,Grass,No
SCC,Sonoran Central,Warm,SCBA,SCBA,Schismus barbatus,Introduced,Annual,Grass,No
SCC,Sonoran Central,Cool,SIIR,SIIR,Sisymbrium irio,Introduced,Annual,Forb,No
SCC,Sonoran Central,Warm,SIIR,SIIR,Sisymbrium irio,Introduced,Annual,Forb,No
SCC,Sonoran Central,None,SIIR,SIIR,Sisymbrium irio,Introduced,Annual,Forb,No
SCC,Sonoran Central,Cool,TRTE,TRTE,Tribulus terrestris,Introduced,Annual,Forb,No
SCC,Sonoran Central,Warm,TRTE,TRTE,Tribulus terrestris,Introduced,Annual,Forb,No
SCC,Sonoran Central,None,TRTE,TRTE,Tribulus terrestris,Introduced,Annual,Forb,No
Patagonia,Sonoran SE,None,ARPU9,ARPU9,Aristida purpurea,Native,Perennial,Grass,No
Patagonia,Sonoran SE,Medium,ARISPP,ARISPP.Patagonia,"Aristida spp., Patagonia",Native,Unknown,Grass,No
Patagonia,Sonoran SE,Warm,CALSPP,CALSPP.Patagonia,"Calandrinia spp., Patagonia",Native,Unknown,Forb,No
Patagonia,Sonoran SE,Warm,CHHY3,CHHY3,Chamaesyce hyssopifolia,Native,Unknown,Forb,N
Patagonia,Sonoran SE,Warm,CHESPP,CHESPP.Patagonia,"Chenopodium spp., Patagonia",Unknown,Unknown,Forb,No
Patagonia,Sonoran SE,Medium,COCA5,COCA5,Conyza canadensis,Native,Annual,Forb,No
Patagonia,Sonoran SE,Warm,COCA5,COCA5,Conyza canadensis,Native,Annual,Forb,No
Patagonia,Sonoran SE,Medium,DICA14,DICA14,Dichelostemma capitatum,Native,Perennial,Forb,No
Patagonia,Sonoran SE,Medium,ERCU2,ERCU2,Eragrostis curvula,Introduced,Perennial,Grass,No
Patagonia,Sonoran SE,Warm,ERCU2,ERCU2,Eragrostis curvula,Introduced,Perennial,Grass,No
Patagonia,Sonoran SE,None,ERCU2,ERCU2,Eragrostis curvula,Introduced,Perennial,Grass,No
Patagonia,Sonoran SE,Medium,ERLE,ERLE,Eragrostis lehmanniana,Introduced,Perennial,Grass,No
Patagonia,Sonoran SE,Warm,ERLE,ERLE,Eragrostis lehmanniana,Introduced,Perennial,Grass,No
Patagonia,Sonoran SE,Warm,ERLE,ERLE,Eragrostis lehmanniana,Introduced,Perennial,Grass,N
Patagonia,Sonoran SE,Medium,ERLE,ERLE,Eragrostis lehmanniana,Introduced,Perennial,Grass,N
Patagonia,Sonoran SE,None,ERLE,ERLE,Eragrostis lehmanniana,Introduced,Perennial,Grass,N
Patagonia,Sonoran SE,Medium,ERASPP,ERASPP.Patagonia,"Eragrostis spp., ERCU or ERLE, Patagonia",Unknown,Unknown,Grass,No
Patagonia,Sonoran SE,Warm,ERSU,ERSU,Eragrostis superba,Introduced,Perennial,Grass,N
Patagonia,Sonoran SE,Medium,ERISPP,ERISPP.Patagonia,"Eriastrum or Erigonum spp. (?), Patagonia",Native,Unknown,Forb,No
Patagonia,Sonoran SE,Warm,ERISPP,ERISPP.Patagonia,"Eriastrum or Erigonum spp. (?), Patagonia",Native,Unknown,Forb,No
Patagonia,Sonoran SE,Medium,ERISPP,ERISPP.Patagonia,"Eriastrum or Erigonum spp. (?), Patagonia",Native,Unknown,Forb,N
Patagonia,Sonoran SE,Warm,ERCI6,ERCI6,Erodium cicutarium,Introduced,Annual,Forb,No
Patagonia,Sonoran SE,Medium,ESCA2,ESCA2,Eschscholzia californica,Native,Unknown,Forb,No
Patagonia,Sonoran SE,Warm,GLGO,GLGO,Glandularia gooddingii,Native,Perennial,Forb,No
Patagonia,Sonoran SE,Medium,KAGR,KAGR,Kallstroemia grandiflora,Native,Annual,Forb,N
Patagonia,Sonoran SE,Warm,LETH2,LETH2,Lepidium thurberi,Native,Annual,Forb,No
Patagonia,Sonoran SE,Warm,MENSPP,MENSPP.Patagonia,"Mentzelia spp., Patagonia",Native,Unknown,Forb,No
Patagonia,Sonoran SE,Warm,MOVE,MOVE,Mollugo verticillata,Native,Annual,Forb,N
Patagonia,Sonoran SE,Medium,MOVE,MOVE,Mollugo verticillata,Native,Annual,Forb,N
Patagonia,Sonoran SE,Medium,PHDI,PHDI,Phacelia distans,Native,Unknown,Forb,No
Patagonia,Sonoran SE,Warm,PHDI,PHDI,Phacelia distans,Native,Unknown,Forb,No
Patagonia,Sonoran SE,Medium,POSE,POSE,Poa secunda,Native,Perennial,Grass,No
Patagonia,Sonoran SE,Warm,PORSPP,PORSPP.Patagonia,"Portulaca spp., Patagonia",Native,Unknown,Forb,N
Patagonia,Sonoran SE,Medium,PSCA11,PSCA11,Pseudognaphalium canescens,Native,Unknown,Forb,No
Patagonia,Sonoran SE,Warm,PSCA11,PSCA11,Pseudognaphalium canescens,Native,Unknown,Forb,No
Patagonia,Sonoran SE,None,PSCA11,PSCA11,Pseudognaphalium canescens,Native,Unknown,Forb,No
Patagonia,Sonoran SE,Medium,PSCA11,PSCA11,Pseudognaphalium canescens,Native,Unknown,Forb,N
Patagonia,Sonoran SE,Warm,PSCA11,PSCA11,Pseudognaphalium canescens,Native,Unknown,Forb,N
Patagonia,Sonoran SE,Medium,SATR12,SATR12,Salsola tragus,Introduced,Annual,Forb,No
Patagonia,Sonoran SE,Warm,SATR12,SATR12,Salsola tragus,Introduced,Annual,Forb,No
Patagonia,Sonoran SE,Warm,SATR12,SATR12,Salsola tragus,Introduced,Annual,Forb,N
Patagonia,Sonoran SE,Medium,SATR12,SATR12,Salsola tragus,Introduced,Annual,Forb,N
Patagonia,Sonoran SE,Warm,SIAB,SIAB,Sida abutifolia,Introduced,Unknown,Forb,N
Patagonia,Sonoran SE,Warm,SINE,SINE,Sida neomexicana,Native,Perennial,Forb,No
Patagonia,Sonoran SE,Warm,SORO,SORO,Solanum rostratum,Native,Annual,Forb,N
Patagonia,Sonoran SE,None,SPCR,SPCR,Sporobolus cryptandrus,Native,Perennial,Grass,No
Patagonia,Sonoran SE,Medium,TRPI,TRPI,Tradescantia pinetorum,Native,Perennial,Forb,No
Patagonia,Sonoran SE,Warm,UNFO1,UNFO1.Patagonia,"Unknown forb (Patagonia and SRER are same); upright mustard with tiny blueish flower, Patagonia",Unknown,Unknown,Forb,No
Patagonia,Sonoran SE,Warm,UNFO5,UNFO5.Patagonia,"Unknown forb (Patagonia); Similar to dandelion, yellow closed flowers, Patagonia",Unknown,Unknown,Forb,No
Patagonia,Sonoran SE,Warm,UNFO2,UNFO2.Patagonia,"Unknown forb (Patagonia); low to ground, succulenty, tiny white flowers, similar to purslane, Patagonia",Unknown,Unknown,Forb,No
Patagonia,Sonoran SE,Medium,UNFO2,UNFO2.Patagonia,"Unknown forb (Patagonia); low to ground, succulenty, tiny white flowers, similar to purslane, Patagonia",Unknown,Unknown,Forb,No
Patagonia,Sonoran SE,None,UNFO2,UNFO2.Patagonia,"Unknown forb (Patagonia); low to ground, succulenty, tiny white flowers, similar to purslane, Patagonia",Unknown,Unknown,Forb,No
Patagonia,Sonoran SE,Warm,UNFO3,UNFO3.Patagonia,"Unknown forb (Patagonia); upright mustard with small pods and tiny yellow flowers, Patagonia",Unknown,Unknown,Forb,No
Patagonia,Sonoran SE,Medium,UNFO3,UNFO3.Patagonia,"Unknown forb (Patagonia); upright mustard with small pods and tiny yellow flowers, Patagonia",Unknown,Unknown,Forb,No
Patagonia,Sonoran SE,Warm,UNFO1A,UNFO1A.Patagonia,"Unknown forb (Patagonia, Nov 2019) = Darker Green, 5 petals radiating out, Patagonia",Unknown,Unknown,Forb,No
Patagonia,Sonoran SE,Medium,UNFO_P_3,UNFO_P_3.Patagonia,"Unknown forb; Fabeacea (pea), long and spindly (Spring 2021), Patagonia",Unknown,Unknown,Forb,No
Patagonia,Sonoran SE,Warm,UNFO_P_2,UNFO_P_2.Patagonia,"Unknown forb; Pinated leaves, upright rosette, lighter green, Ambrosia?  (Spring 2021), Patagonia",Unknown,Unknown,Forb,No
Patagonia,Sonoran SE,Medium,UNFO_P_2,UNFO_P_2.Patagonia,"Unknown forb; Pinated leaves, upright rosette, lighter green, Ambrosia?  (Spring 2021), Patagonia",Unknown,Unknown,Forb,No
Patagonia,Sonoran SE,Warm,UNFO_P_5,UNFO_P_5.Patagonia,"Unknown forb; Prominent mid-vein, leaf doesn't completely surround/there's good amount of petiole, ovate leaves that're slightly speckled, oenothera? (Spring 2021), Patagonia",Unknown,Unknown,Forb,No
Patagonia,Sonoran SE,Medium,UNFO_P_7,UNFO_P_7.Patagonia,"Unknown forb; Rosette leaves slightly fuzzy and silvery light green. simple leaves, smells like bandaids (Spring 2021), Patagonia",Unknown,Unknown,Forb,No
Patagonia,Sonoran SE,Medium,UNFO6,UNFO6.Patagonia,"Unknown forb; green, young, radiating basal leaves; slightly fuzzy; Patagonia, Patagonia",Unknown,Unknown,Forb,No
Patagonia,Sonoran SE,Warm,UNFO_P_1,UNFO_P_1.Patagonia,"Unknown forb; small reddish purple rosette with ovate leaves (Spring 2021), Patagonia",Unknown,Unknown,Forb,No
Patagonia,Sonoran SE,Medium,UNFO_P_1,UNFO_P_1.Patagonia,"Unknown forb; small reddish purple rosette with ovate leaves (Spring 2021), Patagonia",Unknown,Unknown,Forb,No
Patagonia,Sonoran SE,Warm,UNGRS3,UNGRS3.Patagonia,"Unknown grass (Patagonia); Lighter green, thin leaves, possible threeawn?, Patagonia",Unknown,Unknown,Grass,No
Patagonia,Sonoran SE,Warm,UNGRS2,UNGRS2.Patagonia,"Unknown grass (Patagonia); Unk grass seedling, leaf divided early like BOGR, possible lovegrass?, Patagonia",Unknown,Unknown,Grass,No
Patagonia,Sonoran SE,Medium,UNGRS2,UNGRS2.Patagonia,"Unknown grass (Patagonia); Unk grass seedling, leaf divided early like BOGR, possible lovegrass?, Patagonia",Unknown,Unknown,Grass,No
Patagonia,Sonoran SE,Warm,UNGRS1,UNGRS1.Patagonia,"Unknown grass (SRER); Small tuft grass, bouteloua like growth, heads as nodes, Patagonia",Unknown,Unknown,Grass,No
Patagonia,Sonoran SE,Medium,UNGRS1,UNGRS1.Patagonia,"Unknown grass (SRER); Small tuft grass, bouteloua like growth, heads as nodes, Patagonia",Unknown,Unknown,Grass,No
Patagonia,Sonoran SE,None,UNGRS1,UNGRS1.Patagonia,"Unknown grass (SRER); Small tuft grass, bouteloua like growth, heads as nodes, Patagonia",Unknown,Unknown,Grass,No
Patagonia,Sonoran SE,Warm,UNGR1,UNGR1.Patagonia,"Unknown grass 1, Patagonia",Unknown,Unknown,Grass,No
Patagonia,Sonoran SE,Medium,UNFO_P_4,UNFO_P_4.Patagonia,"Unkown forb; Unknown Fabeacea (Pea), short and fuzzy, chunky, Acmispon Brachycarpus? (Spring 2021), Patagonia",Unknown,Unknown,Forb,No
SRER,Sonoran SE,Warm,ACASPP,ACASPP.SRER,"Acalypha spp., SRER",Native/Unknown,Unknown,Forb,N
SRER,Sonoran SE,Medium,ACASPP,ACASPP.SRER,"Acalypha spp., SRER",Native/Unknown,Unknown,Forb,N
SRER,Sonoran SE,None,ACASPP,ACASPP.SRER,"Acalypha spp., SRER",Native/Unknown,Unknown,Forb,N
SRER,Sonoran SE,Warm,AMPA,AMPA,Amaranthus palmeri,Native,Annual,Forb,N
SRER,Sonoran SE,Medium,AMPA,AMPA,Amaranthus palmeri,Native,Annual,Forb,N
SRER,Sonoran SE,Warm,AMCO3,AMCO3,Ambrosia confertiflora,Native,Perennial,Forb,No
SRER,Sonoran SE,Medium,AMCO3,AMCO3,Ambrosia confertiflora,Native,Perennial,Forb,No
SRER,Sonoran SE,None,AMCO3,AMCO3,Ambrosia confertiflora,Native,Perennial,Forb,No
SRER,Sonoran SE,Warm,AMCO3,AMCO3,Ambrosia confertiflora,Native,Perennial,Forb,N
SRER,Sonoran SE,Medium,AMCO3,AMCO3,Ambrosia confertiflora,Native,Perennial,Forb,N
SRER,Sonoran SE,None,AMCO3,AMCO3,Ambrosia confertiflora,Native,Perennial,Forb,N
SRER,Sonoran SE,Warm,ANCR2,ANCR2,Anoda cristata,Native,Annual,Forb,No
SRER,Sonoran SE,Medium,ANOSPP,ANOSPP.SRER,"Anoda spp., SRER",Native,Unknown,Forb,No
SRER,Sonoran SE,Warm,ANOSPP,ANOSPP.SRER,"Anoda spp., SRER",Native,Unknown,Forb,No
SRER,Sonoran SE,None,ANOSPP,ANOSPP.SRER,"Anoda spp., SRER",Native,Unknown,Forb,No
SRER,Sonoran SE,Warm,ARAD,ARAD,Aristida adscensionis,Native,Annual,Grass,N
SRER,Sonoran SE,Medium,ARAD,ARAD,Aristida adscensionis,Native,Annual,Grass,N
SRER,Sonoran SE,None,ARAD,ARAD,Aristida adscensionis,Native,Annual,Grass,N
SRER,Sonoran SE,Medium,ARPU9,ARPU9,Aristida purpurea,Native,Perennial,Grass,No
SRER,Sonoran SE,None,ARPU9,ARPU9,Aristida purpurea,Native,Perennial,Grass,No
SRER,Sonoran SE,Medium,ARISPP,ARISPP.SRER,"Aristida spp., SRER",Native,Unknown,Grass,No
SRER,Sonoran SE,None,ARISPP,ARISPP.SRER,"Aristida spp., SRER",Native,Unknown,Grass,No
SRER,Sonoran SE,Medium,ARTE3,ARTE3,Aristida ternipes,Native,Perennial,Grass,No
SRER,Sonoran SE,Warm,ARTE3,ARTE3,Aristida ternipes,Native,Perennial,Grass,No
SRER,Sonoran SE,Warm,ARTE3,ARTE3,Aristida ternipes,Native,Perennial,Grass,N
SRER,Sonoran SE,Warm,ARWA,ARWA,Aristolochia watsonii,Native,Perennial,Forb,No
SRER,Sonoran SE,Warm,ARWA,ARWA,Aristolochia watsonii,Native,Perennial,Forb,N
SRER,Sonoran SE,Warm,ASTSPP,ASTSPP.SRER,"Astragalus spp., SRER",Native/Unknown,Unknown,Forb,No
SRER,Sonoran SE,Medium,BOCO,BOCO,Boerhavia coccinea,Native,Perennial,Forb,No
SRER,Sonoran SE,Warm,BOCO,BOCO,Boerhavia coccinea,Native,Perennial,Forb,N
SRER,Sonoran SE,Warm,BOAR,BOAR,Bouteloua aristidoides,Native,Annual,Grass,N
SRER,Sonoran SE,None,BOCU,BOCU,Bouteloua curtipendula,Native,Perennial,Grass,No
SRER,Sonoran SE,Medium,BOCU,BOCU,Bouteloua curtipendula,Native,Perennial,Grass,No
SRER,Sonoran SE,Medium,BOCU,BOCU,Bouteloua curtipendula,Native,Perennial,Grass,N
SRER,Sonoran SE,None,BOCU,BOCU,Bouteloua curtipendula,Native,Perennial,Grass,N
SRER,Sonoran SE,Medium,BOER4,BOER4,Bouteloua eriopoda,Native,Perennial,Grass,No
SRER,Sonoran SE,Warm,BORA,BORA,Bouteloua radicosa,Native,Perennial,Grass,No
SRER,Sonoran SE,Medium,BORA,BORA,Bouteloua radicosa,Native,Perennial,Grass,No
SRER,Sonoran SE,None,BORA,BORA,Bouteloua radicosa,Native,Perennial,Grass,No
SRER,Sonoran SE,Medium,BOUSPP,BOUSPP.SRER,"Bouteloua spp., SRER",Native,Unknown,Grass,No
SRER,Sonoran SE,None,BOUSPP,BOUSPP.SRER,"Bouteloua spp., SRER",Native,Unknown,Grass,No
SRER,Sonoran SE,Warm,BOUSPP,BOUSPP.SRER,"Bouteloua spp., SRER",Native,Unknown,Grass,N
SRER,Sonoran SE,None,BRASPP,BRASPP.SRER,"Brassica spp. (likely DEPI), SRER",Native/Unknown,Unknown,Forb,No
SRER,Sonoran SE,Warm,BRASPP,BRASPP.SRER,"Brassica spp. (likely DEPI), SRER",Native/Unknown,Unknown,Forb,No
SRER,Sonoran SE,Medium,BRASPP,BRASPP.SRER,"Brassica spp. (likely DEPI), SRER",Native/Unknown,Unknown,Forb,No
SRER,Sonoran SE,Medium,CHHY3,CHHY3,Chamaesyce hyssopifolia,Native,Unknown,Forb,N
SRER,Sonoran SE,Warm,CHHY3,CHHY3,Chamaesyce hyssopifolia,Native,Unknown,Forb,N
SRER,Sonoran SE,Warm,CHFR3,CHFR3,Chenopodium fremontii,Native,Annual,Forb,No
SRER,Sonoran SE,Medium,CHFR3,CHFR3,Chenopodium fremontii,Native,Annual,Forb,No
SRER,Sonoran SE,Medium,CHVI4,CHVI4,Chloris virgata,Native,Annual,Grass,N
SRER,Sonoran SE,Warm,COCA8,COCA8,Coreopsis califonica,Native,Annual,Forb,No
SRER,Sonoran SE,Medium,COCA8,COCA8,Coreopsis califonica,Native,Annual,Forb,No
SRER,Sonoran SE,Warm,CRAN4,CRAN4,Cryptantha angustifolia,Native,Annual,Forb,No
SRER,Sonoran SE,None,CRAN4,CRAN4,Cryptantha angustifolia,Native,Annual,Forb,No
SRER,Sonoran SE,Medium,CRAN4,CRAN4,Cryptantha angustifolia,Native,Annual,Forb,No
SRER,Sonoran SE,Warm,CRYSPP,CRYSPP.SRER,"Cryptantha spp., SRER",Native,Unknown,Forb,No
SRER,Sonoran SE,None,CRYSPP,CRYSPP.SRER,"Cryptantha spp., SRER",Native,Unknown,Forb,No
SRER,Sonoran SE,Medium,CRYSPP,CRYSPP.SRER,"Cryptantha spp., SRER",Native,Unknown,Forb,No
SRER,Sonoran SE,Medium,DeadStem,DeadStem,Dead stem,Unknown,Unknown,Forb,No
SRER,Sonoran SE,Warm,DEPI,DEPI,Descurainia pinnata,Native,Unknown,Forb,No
SRER,Sonoran SE,None,DEPI,DEPI,Descurainia pinnata,Native,Unknown,Forb,No
SRER,Sonoran SE,Medium,DEPI,DEPI,Descurainia pinnata,Native,Unknown,Forb,No
SRER,Sonoran SE,Warm,DICA8,DICA8,Digitaria californica,Native,Perennial,Grass,No
SRER,Sonoran SE,Medium,DICA8,DICA8,Digitaria californica,Native,Perennial,Grass,No
SRER,Sonoran SE,Warm,ERLE,ERLE,Eragrostis lehmanniana,Introduced,Perennial,Grass,No
SRER,Sonoran SE,Medium,ERLE,ERLE,Eragrostis lehmanniana,Introduced,Perennial,Grass,No
SRER,Sonoran SE,None,ERLE,ERLE,Eragrostis lehmanniana,Introduced,Perennial,Grass,No
SRER,Sonoran SE,Warm,ERLE,ERLE,Eragrostis lehmanniana,Introduced,Perennial,Grass,N
SRER,Sonoran SE,Medium,ERLE,ERLE,Eragrostis lehmanniana,Introduced,Perennial,Grass,N
SRER,Sonoran SE,None,ERLE,ERLE,Eragrostis lehmanniana,Introduced,Perennial,Grass,N
SRER,Sonoran SE,Medium,ERPO4,ERPO4,Eriogonum polycladon,Native,Annual,Forb,No
SRER,Sonoran SE,Warm,ESCA2,ESCA2,Eschscholzia californica,Native,Unknown,Forb,No
SRER,Sonoran SE,Medium,ESCA2,ESCA2,Eschscholzia californica,Native,Unknown,Forb,No
SRER,Sonoran SE,None,ESCA2,ESCA2,Eschscholzia californica,Native,Unknown,Forb,No
SRER,Sonoran SE,Medium,EVAR,EVAR,Evolvulus arizonicus,Native,Perennial,Forb,No
SRER,Sonoran SE,Warm,EVAR,EVAR,Evolvulus arizonicus,Native,Perennial,Forb,N
SRER,Sonoran SE,Medium,EVAR,EVAR,Evolvulus arizonicus,Native,Perennial,Forb,N
SRER,Sonoran SE,None,EVAR,EVAR,Evolvulus arizonicus,Native,Perennial,Forb,N
SRER,Sonoran SE,Warm,GIST,GIST,Gilia stellata,Native,Annual,Forb,No
SRER,Sonoran SE,None,GIST,GIST,Gilia stellata,Native,Annual,Forb,No
SRER,Sonoran SE,Medium,GIST,GIST,Gilia stellata,Native,Annual,Forb,No
SRER,Sonoran SE,Warm,KAGR,KAGR,Kallstroemia grandiflora,Native,Annual,Forb,N
SRER,Sonoran SE,Medium,KAGR,KAGR,Kallstroemia grandiflora,Native,Annual,Forb,N
SRER,Sonoran SE,Warm,LAGL5,LAGL5,Layia glandulosa,Native,Annual,Forb,No
SRER,Sonoran SE,Warm,LEAU16,LEAU16,Leptosiphon aureus,Native,Annual,Forb,No
SRER,Sonoran SE,Medium,LEAU16,LEAU16,Leptosiphon aureus,Native,Annual,Forb,No
SRER,Sonoran SE,Warm,LUCO,LUCO,Lupinus concinnus,Native,Annual,Forb,No
SRER,Sonoran SE,Medium,LUCO,LUCO,Lupinus concinnus,Native,Annual,Forb,No
SRER,Sonoran SE,None,LUCO,LUCO,Lupinus concinnus,Native,Annual,Forb,No
SRER,Sonoran SE,Warm,LUPSPP,LUPSPP.SRER,"Lupinus spp., SRER",Unknown,Unknown,Forb,No
SRER,Sonoran SE,Medium,LUPSPP,LUPSPP.SRER,"Lupinus spp., SRER",Unknown,Unknown,Forb,No
SRER,Sonoran SE,Warm,MAGR10,MAGR10,Machaeranthera gracilis,Native,Annual,Forb,No
SRER,Sonoran SE,Medium,MAGR10,MAGR10,Machaeranthera gracilis,Native,Annual,Forb,No
SRER,Sonoran SE,None,MAGR10,MAGR10,Machaeranthera gracilis,Native,Annual,Forb,No
SRER,Sonoran SE,Warm,MAGR10,MAGR10,Machaeranthera gracilis,Native,Annual,Forb,N
SRER,Sonoran SE,Warm,MAGL3,MAGL3,Malacothrix glabrata,Native,Annual,Forb,No
SRER,Sonoran SE,Medium,MAGL3,MAGL3,Malacothrix glabrata,Native,Annual,Forb,No
SRER,Sonoran SE,Warm,MEAL6,MEAL6,Mentzelia albicaulis,Native,Annual,Forb,No
SRER,Sonoran SE,Medium,MEAL6,MEAL6,Mentzelia albicaulis,Native,Annual,Forb,No
SRER,Sonoran SE,None,MEAL6,MEAL6,Mentzelia albicaulis,Native,Annual,Forb,No
SRER,Sonoran SE,Warm,MENSPP,MENSPP.SRER,"Mentzelia spp., SRER",Native,Unknown,Forb,No
SRER,Sonoran SE,Medium,MENSPP,MENSPP.SRER,"Mentzelia spp., SRER",Native,Unknown,Forb,No
SRER,Sonoran SE,None,MENSPP,MENSPP.SRER,"Mentzelia spp., SRER",Native,Unknown,Forb,No
SRER,Sonoran SE,Warm,MOCE,MOCE,Mollugo cerviana,Introduced,Annual,Forb,No
SRER,Sonoran SE,Warm,MOVE,MOVE,Mollugo verticillata,Native,Annual,Forb,N
SRER,Sonoran SE,Medium,MOVE,MOVE,Mollugo verticillata,Native,Annual,Forb,N
SRER,Sonoran SE,None,MOVE,MOVE,Mollugo verticillata,Native,Annual,Forb,N
SRER,Sonoran SE,Warm,PACA6,PACA6,Panicum capillare,Native,Annual,Grass,No
SRER,Sonoran SE,None,PACA6,PACA6,Panicum capillare,Native,Annual,Grass,No
SRER,Sonoran SE,Medium,PACA6,PACA6,Panicum capillare,Native,Annual,Grass,No
SRER,Sonoran SE,Warm,PANSPP,PANSPP.SRER,"Panicum spp., SRER",Native,Unknown,Grass,N
SRER,Sonoran SE,Medium,PANSPP,PANSPP.SRER,"Panicum spp., SRER",Native,Unknown,Grass,N
SRER,Sonoran SE,None,PANSPP,PANSPP.SRER,"Panicum spp., SRER",Native,Unknown,Grass,N
SRER,Sonoran SE,None,PLAR,PLAR,Plagiobothrys arizonicus,Native,Annual,Forb,No
SRER,Sonoran SE,Warm,PLAR,PLAR,Plagiobothrys arizonicus,Native,Annual,Forb,No
SRER,Sonoran SE,Medium,PLAR,PLAR,Plagiobothrys arizonicus,Native,Annual,Forb,No
SRER,Sonoran SE,Warm,PLASPP,PLASPP.SRER,"Plantago spp., SRER",Unknown,Unknown,Forb,No
SRER,Sonoran SE,None,PLASPP,PLASPP.SRER,"Plantago spp., SRER",Unknown,Unknown,Forb,No
SRER,Sonoran SE,Medium,PLASPP,PLASPP.SRER,"Plantago spp., SRER",Unknown,Unknown,Forb,No
SRER,Sonoran SE,Warm,POUM,POUM,Portulaca umbraticola,Native,Annual,Forb,N
SRER,Sonoran SE,Medium,POUM,POUM,Portulaca umbraticola,Native,Annual,Forb,N
SRER,Sonoran SE,None,POUM,POUM,Portulaca umbraticola,Native,Annual,Forb,N
SRER,Sonoran SE,Medium,PSCA11,PSCA11,Pseudognaphalium canescens,Native,Unknown,Forb,No
SRER,Sonoran SE,Warm,PSCA11,PSCA11,Pseudognaphalium canescens,Native,Unknown,Forb,No
SRER,Sonoran SE,None,PSCA11,PSCA11,Pseudognaphalium canescens,Native,Unknown,Forb,No
SRER,Sonoran SE,Warm,SATR12,SATR12,Salsola tragus,Introduced,Annual,Forb,No
SRER,Sonoran SE,Medium,SATR12,SATR12,Salsola tragus,Introduced,Annual,Forb,No
SRER,Sonoran SE,None,SATR12,SATR12,Salsola tragus,Introduced,Annual,Forb,No
SRER,Sonoran SE,Medium,SCPI3,SCPI3,Schkuhria pinnata,Unknown,Annual,Forb,No
SRER,Sonoran SE,None,SCPI3,SCPI3,Schkuhria pinnata,Unknown,Annual,Forb,No
SRER,Sonoran SE,Warm,SCPI3,SCPI3,Schkuhria pinnata,Unknown,Annual,Forb,No
SRER,Sonoran SE,Medium,SIAB,SIAB,Sida abutifolia,Introduced,Unknown,Forb,No
SRER,Sonoran SE,Warm,SIAB,SIAB,Sida abutifolia,Introduced,Unknown,Forb,N
SRER,Sonoran SE,Medium,SIAB,SIAB,Sida abutifolia,Introduced,Unknown,Forb,N
SRER,Sonoran SE,None,SIAB,SIAB,Sida abutifolia,Introduced,Unknown,Forb,N
SRER,Sonoran SE,Medium,SINE,SINE,Sida neomexicana,Native,Perennial,Forb,No
SRER,Sonoran SE,Warm,SIDSPP,SIDSPP.SRER,"Sida spp., SRER",Native/Unknown,Unknown,Forb,N
SRER,Sonoran SE,Medium,SIDSPP,SIDSPP.SRER,"Sida spp., SRER",Native/Unknown,Unknown,Forb,N
SRER,Sonoran SE,None,SIDSPP,SIDSPP.SRER,"Sida spp., SRER",Native/Unknown,Unknown,Forb,N
SRER,Sonoran SE,Warm,SPEC2,SPEC2,Spermolepis echinata,Native,Annual,Forb,No
SRER,Sonoran SE,Warm,TRMU,TRMU,Tridens muticus,Native,Perennial,Grass,N
SRER,Sonoran SE,Medium,TRMU,TRMU,Tridens muticus,Native,Perennial,Grass,N
SRER,Sonoran SE,None,TRMU,TRMU,Tridens muticus,Native,Perennial,Grass,N
SRER,Sonoran SE,None,UNDPF,UNDPF.SRER,"Unknown dead pod forb, SRER",Unknown,Unknown,Forb,No
SRER,Sonoran SE,Medium,UNDPF,UNDPF.SRER,"Unknown dead pod forb, SRER",Unknown,Unknown,Forb,No
SRER,Sonoran SE,Warm,UNDPF,UNDPF.SRER,"Unknown dead pod forb, SRER",Unknown,Unknown,Forb,No
SRER,Sonoran SE,Medium,UNFO1,UNFO1.SRER,"Unknown forb (Patagonia and SRER are same); upright mustard with tiny blueish flower, SRER",Unknown,Unknown,Forb,No
SRER,Sonoran SE,Warm,UNFO1,UNFO1.SRER,"Unknown forb (Patagonia and SRER are same); upright mustard with tiny blueish flower, SRER",Unknown,Unknown,Forb,No
SRER,Sonoran SE,Warm,UNFO6,UNFO6.SRER,"Unknown forb (SRER); Very small, long slender leaves, fuzzy, leaf toothed around margins. Possibly Heterotheca grandiflora, SRER",Unknown,Unknown,Forb,No
SRER,Sonoran SE,Medium,UNFO6,UNFO6.SRER,"Unknown forb (SRER); Very small, long slender leaves, fuzzy, leaf toothed around margins. Possibly Heterotheca grandiflora, SRER",Unknown,Unknown,Forb,No
SRER,Sonoran SE,Warm,UNFO3,UNFO3.SRER,"Unknown forb (SRER); tiny reddish basal leaves, star-like petals, SRER",Unknown,Unknown,Forb,No
SRER,Sonoran SE,None,UNFO3,UNFO3.SRER,"Unknown forb (SRER); tiny reddish basal leaves, star-like petals, SRER",Unknown,Unknown,Forb,No
SRER,Sonoran SE,Medium,UNFO3,UNFO3.SRER,"Unknown forb (SRER); tiny reddish basal leaves, star-like petals, SRER",Unknown,Unknown,Forb,No
SRER,Sonoran SE,Warm,UNFO4,UNFO4.SRER,"Unknown forb (SRER); very hairy radiating out/up, fuzzy rosettes, SRER",Unknown,Unknown,Forb,No
SRER,Sonoran SE,None,UNFO4,UNFO4.SRER,"Unknown forb (SRER); very hairy radiating out/up, fuzzy rosettes, SRER",Unknown,Unknown,Forb,No
SRER,Sonoran SE,Medium,UNFO4,UNFO4.SRER,"Unknown forb (SRER); very hairy radiating out/up, fuzzy rosettes, SRER",Unknown,Unknown,Forb,No
SRER,Sonoran SE,Warm,UNFO_S_7,UNFO_S_7.SRER,"Unknown forb; ""artichoke head"", stem leaves alternate, basal rosette, possibly cryptantha? (Spring 2021), SRER",Unknown,Unknown,Forb,No
SRER,Sonoran SE,Medium,UNFO_S_7,UNFO_S_7.SRER,"Unknown forb; ""artichoke head"", stem leaves alternate, basal rosette, possibly cryptantha? (Spring 2021), SRER",Unknown,Unknown,Forb,No
SRER,Sonoran SE,Warm,UNFO_S_3,UNFO_S_3.SRER,"Unknown forb; Fuzzy green penately arranged leaflets, partially pinated lobes ""thick poppy"" possibly an ambrosia (Spring 2021), SRER",Unknown,Unknown,Forb,No
SRER,Sonoran SE,Medium,UNFO_S_3,UNFO_S_3.SRER,"Unknown forb; Fuzzy green penately arranged leaflets, partially pinated lobes ""thick poppy"" possibly an ambrosia (Spring 2021), SRER",Unknown,Unknown,Forb,No
SRER,Sonoran SE,None,UNFO_S_3,UNFO_S_3.SRER,"Unknown forb; Fuzzy green penately arranged leaflets, partially pinated lobes ""thick poppy"" possibly an ambrosia (Spring 2021), SRER",Unknown,Unknown,Forb,No
SRER,Sonoran SE,Warm,UNFO_S_1,UNFO_S_1.SRER,"Unknown forb; Purple vine, sagitate leaves (Spring 2021), SRER",Unknown,Unknown,Forb,No
SRER,Sonoran SE,Warm,UNFO_S_5,UNFO_S_5.SRER,"Unknown forb; Silky hairy fuzzy, straight leaves, no prominent veination, pseudognaphalium? (Spring 2021), SRER",Unknown,Unknown,Forb,No
SRER,Sonoran SE,Warm,UNFO_S_4,UNFO_S_4.SRER,"Unknown forb; Super tiny, very spikey, pinately lobed, possible cryptantha or plagiobothrys (Spring 2021), SRER",Unknown,Unknown,Forb,No
SRER,Sonoran SE,Warm,UNGRS1,UNGRS1.SRER,"Unknown grass (Patagonia);Unk. grass seedling, bunchy, possible lovegrass?, SRER",Unknown,Unknown,Grass,No
SRER,Sonoran SE,None,UNGRS1,UNGRS1.SRER,"Unknown grass (Patagonia);Unk. grass seedling, bunchy, possible lovegrass?, SRER",Unknown,Unknown,Grass,No
SRER,Sonoran SE,Medium,UNGRS1,UNGRS1.SRER,"Unknown grass (Patagonia);Unk. grass seedling, bunchy, possible lovegrass?, SRER",Unknown,Unknown,Grass,No
SRER,Sonoran SE,Medium,UNGR_S_1,UNGR_S_1.SRER,"Unknown grass; Grass seedling short erose ligule slight chance ARPU because of 45 degree leaf or possibly a Vulpia sp. like VUOC (Spring 2021), SRER",Unknown,Unknown,Grass,No
SRER,Sonoran SE,Warm,VUOC,VUOC,Vulpia octoflora,Native,Annual,Grass,No
SRER,Sonoran SE,Medium,VUOC,VUOC,Vulpia octoflora,Native,Annual,Grass,No
SRER,Sonoran SE,None,VUOC,VUOC,Vulpia octoflora,Native,Annual,Grass,No
CRC,Utah,Med-Warm,CHTE2,CHTE2,Chorispora tenella,Introduced,Annual,Forb,No
CRC,Utah,Cool-Med,CHTE2,CHTE2,Chorispora tenella,Introduced,Annual,Forb,No
CRC,Utah,None,CHTE2,CHTE2,Chorispora tenella,Introduced,Annual,Forb,No
CRC,Utah,Med-Warm,DEPI,DEPI,Descurainia pinnata,Native,Unknown,Forb,No
CRC,Utah,Med-Warm,HAGL,HAGL,Halogeton glomeratus,Introduced,Annual,Forb,No
CRC,Utah,Cool-Med,HAGL,HAGL,Halogeton glomeratus,Introduced,Annual,Forb,No
CRC,Utah,None,HAGL,HAGL,Halogeton glomeratus,Introduced,Annual,Forb,No
CRC,Utah,Med-Warm,SATR12,SATR12,Salsola tragus,Introduced,Annual,Forb,No
CRC,Utah,Cool-Med,SATR12,SATR12,Salsola tragus,Introduced,Annual,Forb,No
CRC,Utah,None,SATR12,SATR12,Salsola tragus,Introduced,Annual,Forb,No
CRC,Utah,Cool-Med,UNFO2,UNFO2.CRC,"Unknown forb 2, CRC",Unknown,Unknown,Forb,No
CRC,Utah,Med-Warm,UNFO2,UNFO2.CRC,"Unknown forb 2, CRC",Unknown,Unknown,Forb,No
CRC,Utah,Med-Warm,UNFO3,UNFO3.CRC,"Unknown forb 3, CRC",Unknown,Unknown,Forb,No
Salt_Desert,Utah,Cool-Med,BRTE,BRTE,Bromus tectorum,Introduced,Annual,Grass,No
Salt_Desert,Utah,Med-Warm,BRTE,BRTE,Bromus tectorum,Introduced,Annual,Grass,No
Salt_Desert,Utah,None,BRTE,BRTE,Bromus tectorum,Introduced,Annual,Grass,No
Salt_Desert,Utah,Med-Warm,DEPI,DEPI,Descurainia pinnata,Native,Unknown,Forb,No
Salt_Desert,Utah,Cool-Med,ERCI6,ERCI6,Erodium cicutarium,Introduced,Annual,Forb,No
Salt_Desert,Utah,Med-Warm,ERCI6,ERCI6,Erodium cicutarium,Introduced,Annual,Forb,No
Salt_Desert,Utah,None,ERCI6,ERCI6,Erodium cicutarium,Introduced,Annual,Forb,No
Salt_Desert,Utah,Cool-Med,HAGL,HAGL,Halogeton glomeratus,Introduced,Annual,Forb,No
Salt_Desert,Utah,Med-Warm,HAGL,HAGL,Halogeton glomeratus,Introduced,Annual,Forb,No
Salt_Desert,Utah,Cool-Med,HEMU3,HEMU3,Heliomeris multiflora,Native,Perennial,Forb,No
Salt_Desert,Utah,Cool-Med,LILE3,LILE3,Linum lewisii,Native,Perennial,Forb,No
Salt_Desert,Utah,None,SATR12,SATR12,Salsola tragus,Introduced,Annual,Forb,No
Salt_Desert,Utah,Cool-Med,SATR12,SATR12,Salsola tragus,Introduced,Annual,Forb,No
Salt_Desert,Utah,Med-Warm,SATR12,SATR12,Salsola tragus,Introduced,Annual,Forb,No
Salt_Desert,Utah,Med-Warm,SIAL2,SIAL2,Sisymbrium altissimum,Introduced,Annual,Forb,No
Salt_Desert,Utah,Cool-Med,SPGR2,SPGR2,Sphaeralcea grossulariifolia,Native,Perennial,Forb,No
Salt_Desert,Utah,Med-Warm,SPGR2,SPGR2,Sphaeralcea grossulariifolia,Native,Perennial,Forb,No
Salt_Desert,Utah,Med-Warm,UNFO4,UNFO4.Salt_Desert,"Unknown forb 4, Salt_Desert",Unknown,Unknown,Forb,No
Salt_Desert,Utah,Cool-Med,UNFO4,UNFO4.Salt_Desert,"Unknown forb 4, Salt_Desert",Unknown,Unknown,Forb,No
Salt_Desert,Utah,Med-Warm,UNFO.12166.assigned,UNFO.12166.assigned.Salt_Desert,"Unknown forb with assigned code, and manually entered, Salt_Desert",Unknown,Unknown,Forb,No
Salt_Desert,Utah,None,UNGR1,UNGR1.Salt_Desert,"Unknown grass 1, Salt_Desert",Unknown,Unknown,Grass,No
Salt_Desert,Utah,Cool-Med,UNGR1,UNGR1.Salt_Desert,"Unknown grass 1, Salt_Desert",Unknown,Unknown,Grass,No
Salt_Desert,Utah,Med-Warm,UNGR1,UNGR1.Salt_Desert,"Unknown grass 1, Salt_Desert",Unknown,Unknown,Grass,No
Salt_Desert,Utah,Cool-Med,UNGR4,UNGR4.Salt_Desert,"Unknown grass 4, Salt_Desert",Unknown,Unknown,Grass,No
UtahPJ,Utah,Cool-Med,ACHY,ACHY,Achnatherum hymenoides,Native,Perennial,Grass,No
UtahPJ,Utah,Cool,ACHY,ACHY,Achnatherum hymenoides,Native,Perennial,Grass,No
UtahPJ,Utah,None,ACHY,ACHY,Achnatherum hymenoides,Native,Perennial,Grass,No
UtahPJ,Utah,None,BRTE,BRTE,Bromus tectorum,Introduced,Annual,Grass,No
UtahPJ,Utah,Cool-Med,BRTE,BRTE,Bromus tectorum,Introduced,Annual,Grass,No
UtahPJ,Utah,Cool,BRTE,BRTE,Bromus tectorum,Introduced,Annual,Grass,No
UtahPJ,Utah,Cool,CANU3,CANU3,Calochortus nuttallii,Native,Perennial,Forb,No
UtahPJ,Utah,Cool-Med,CETE5,CETE5,Ceratocephala testiculata,Introduced,Annual,Forb,No
UtahPJ,Utah,Cool,CETE5,CETE5,Ceratocephala testiculata,Introduced,Annual,Forb,No
UtahPJ,Utah,None,CETE5,CETE5,Ceratocephala testiculata,Introduced,Annual,Forb,No
UtahPJ,Utah,None,CHIN2,CHIN2,Chenopodium incanum,Native,Annual,Forb,No
UtahPJ,Utah,Cool-Med,CHIN2,CHIN2,Chenopodium incanum,Native,Annual,Forb,No
UtahPJ,Utah,Cool,CHIN2,CHIN2,Chenopodium incanum,Native,Annual,Forb,No
UtahPJ,Utah,Cool,CYAC,CYAC,Cymopterus acaulis,Native,Perennial,Forb,No
UtahPJ,Utah,None,CYAC,CYAC,Cymopterus acaulis,Native,Perennial,Forb,No
UtahPJ,Utah,Cool-Med,CYAC,CYAC,Cymopterus acaulis,Native,Perennial,Forb,No
UtahPJ,Utah,Cool-Med,DEPI,DEPI,Descurainia pinnata,Native,Unknown,Forb,No
UtahPJ,Utah,None,DEPI,DEPI,Descurainia pinnata,Native,Unknown,Forb,No
UtahPJ,Utah,Cool,DEPI,DEPI,Descurainia pinnata,Native,Unknown,Forb,No
UtahPJ,Utah,Cool,DRABA,DRABA.UtahPJ,"Draba spp., UtahPJ",Native/Unknown,Unknown,Forb,No
UtahPJ,Utah,Cool,Eriogonum sp.,Eriogonum sp..UtahPJ,"Erigonum spp., UtahPJ",Native,Unknown,Forb,No
UtahPJ,Utah,Cool-Med,ERRA3,ERRA3,Eriogonum racemosum,Native,Perennial,Forb,No
UtahPJ,Utah,None,ERRA3,ERRA3,Eriogonum racemosum,Native,Perennial,Forb,No
UtahPJ,Utah,None,GUSA2,GUSA2,Gutierrezia sarothrae,Native,Perennial,Shrub,No
UtahPJ,Utah,Cool-Med,GUSA2,GUSA2,Gutierrezia sarothrae,Native,Perennial,Shrub,No
UtahPJ,Utah,Cool,HEBO,HEBO,Hedysarum boreale,Native,Perennial,Forb,No
UtahPJ,Utah,Cool,HECO26,HECO26,Hesperostipa comata,Native,Perennial,Grass,No
UtahPJ,Utah,None,MIGR,MIGR,Microsteris gracilis,Native,Annual,Forb,No
UtahPJ,Utah,Cool-Med,MIGR,MIGR,Microsteris gracilis,Native,Annual,Forb,No
UtahPJ,Utah,Cool,MIGR,MIGR,Microsteris gracilis,Native,Annual,Forb,No
UtahPJ,Utah,Cool-Med,PASM,PASM,Pascopyrum smithii,Native,Perennial,Grass,No
UtahPJ,Utah,None,PASM,PASM,Pascopyrum smithii,Native,Perennial,Grass,No
UtahPJ,Utah,Cool,PASM,PASM,Pascopyrum smithii,Native,Perennial,Grass,No
UtahPJ,Utah,None,PHLO2,PHLO2,Phlox longifolia,Native,Perennial,Forb,No
UtahPJ,Utah,Cool-Med,PHLO2,PHLO2,Phlox longifolia,Native,Perennial,Forb,No
UtahPJ,Utah,Cool,PHLO2,PHLO2,Phlox longifolia,Native,Perennial,Forb,No
UtahPJ,Utah,Cool-Med,PLPA2,PLPA2,Plantago patagonica,Native,Annual,Forb,No
UtahPJ,Utah,None,PLPA2,PLPA2,Plantago patagonica,Native,Annual,Forb,No
UtahPJ,Utah,Cool,PLPA2,PLPA2,Plantago patagonica,Native,Annual,Forb,No
UtahPJ,Utah,Cool-Med,SATR12,SATR12,Salsola tragus,Introduced,Annual,Forb,No
UtahPJ,Utah,Cool,SATR12,SATR12,Salsola tragus,Introduced,Annual,Forb,No
UtahPJ,Utah,None,SATR12,SATR12,Salsola tragus,Introduced,Annual,Forb,No
UtahPJ,Utah,None,SPCO,SPCO,Sphaeralcea coccinea,Native,Perennial,Forb,No
UtahPJ,Utah,Cool-Med,SPCO,SPCO,Sphaeralcea coccinea,Native,Perennial,Forb,No
UtahPJ,Utah,Cool,SPCO,SPCO,Sphaeralcea coccinea,Native,Perennial,Forb,No
UtahPJ,Utah,Cool-Med,SPGR2,SPGR2,Sphaeralcea grossulariifolia,Native,Perennial,Forb,No
UtahPJ,Utah,Cool,SPGR2,SPGR2,Sphaeralcea grossulariifolia,Native,Perennial,Forb,No
UtahPJ,Utah,None,SPGR2,SPGR2,Sphaeralcea grossulariifolia,Native,Perennial,Forb,No
UtahPJ,Utah,Cool,SPSP,SPSP.UtahPJ,"Sphaeralcea spp., UtahPJ",Native/Unknown,Unknown,Forb,No
UtahPJ,Utah,Cool,SPCR,SPCR,Sporobolus cryptandrus,Native,Perennial,Grass,No
UtahPJ,Utah,Cool-Med,ERIGSPP,ERIGSPP.UtahPJ,"Unknown ERIG (?), UtahPJ",Unknown,Unknown,Unknown,No
UtahPJ,Utah,Cool,UNFO10,UNFO10.UtahPJ,"Unknown forb 10, UtahPJ",Unknown,Unknown,Forb,No
UtahPJ,Utah,None,UNFO11,UNFO11.UtahPJ,"Unknown forb 11, UtahPJ",Unknown,Unknown,Forb,No
UtahPJ,Utah,Cool-Med,UNFO11,UNFO11.UtahPJ,"Unknown forb 11, UtahPJ",Unknown,Unknown,Forb,No
UtahPJ,Utah,Cool,UNFO11,UNFO11.UtahPJ,"Unknown forb 11, UtahPJ",Unknown,Unknown,Forb,No
UtahPJ,Utah,None,UNFO2,UNFO2.UtahPJ,"Unknown forb 2, UtahPJ",Unknown,Unknown,Forb,No
UtahPJ,Utah,Cool,UNFO2,UNFO2.UtahPJ,"Unknown forb 2, UtahPJ",Unknown,Unknown,Forb,No
UtahPJ,Utah,Cool-Med,UNFO2,UNFO2.UtahPJ,"Unknown forb 2, UtahPJ",Unknown,Unknown,Forb,No
UtahPJ,Utah,None,UNFO3,UNFO3.UtahPJ,"Unknown forb 3, UtahPJ",Unknown,Unknown,Forb,No
UtahPJ,Utah,Cool,UNFO4,UNFO4.UtahPJ,"Unknown forb 4, UtahPJ",Unknown,Unknown,Forb,No
UtahPJ,Utah,Cool-Med,UNFO4,UNFO4.UtahPJ,"Unknown forb 4, UtahPJ",Unknown,Unknown,Forb,No
UtahPJ,Utah,Cool,UNFO5,UNFO5.UtahPJ,"Unknown forb 5, UtahPJ",Unknown,Unknown,Forb,No
UtahPJ,Utah,Cool-Med,UNFO5,UNFO5.UtahPJ,"Unknown forb 5, UtahPJ",Unknown,Unknown,Forb,No
UtahPJ,Utah,None,UNFO6,UNFO6.UtahPJ,"Unknown forb 6, UtahPJ",Unknown,Unknown,Forb,No
UtahPJ,Utah,Cool,UNFO6,UNFO6.UtahPJ,"Unknown forb 6, UtahPJ",Unknown,Unknown,Forb,No
UtahPJ,Utah,Cool-Med,UNFO6,UNFO6.UtahPJ,"Unknown forb 6, UtahPJ",Unknown,Unknown,Forb,No
UtahPJ,Utah,Cool,UNFO7,UNFO7.UtahPJ,"Unknown forb 7, UtahPJ",Unknown,Unknown,Forb,No
UtahPJ,Utah,Cool,UNFO8,UNFO8.UtahPJ,"Unknown forb 8, UtahPJ",Unknown,Unknown,Forb,No
UtahPJ,Utah,Cool-Med,UNFO8,UNFO8.UtahPJ,"Unknown forb 8, UtahPJ",Unknown,Unknown,Forb,No
UtahPJ,Utah,Cool,UNFO9,UNFO9.UtahPJ,"Unknown forb 9, UtahPJ",Unknown,Unknown,Forb,No
UtahPJ,Utah,Cool-Med,UNGR1,UNGR1.UtahPJ,"Unknown grass 1, UtahPJ",Unknown,Unknown,Grass,No
UtahPJ,Utah,Cool,UNGR1,UNGR1.UtahPJ,"Unknown grass 1, UtahPJ",Unknown,Unknown,Grass,No
UtahPJ,Utah,None,UNGR1,UNGR1.UtahPJ,"Unknown grass 1, UtahPJ",Unknown,Unknown,Grass,No
UtahPJ,Utah,Cool,UNGR2,UNGR2.UtahPJ,"Unknown grass 2, UtahPJ",Unknown,Unknown,Grass,No
UtahPJ,Utah,Cool-Med,UNGR2,UNGR2.UtahPJ,"Unknown grass 2, UtahPJ",Unknown,Unknown,Grass,No
UtahPJ,Utah,Cool,UNGR3,UNGR3.UtahPJ,"Unknown grass 3, UtahPJ",Unknown,Unknown,Grass,No
UtahPJ,Utah,None,UNGR3,UNGR3.UtahPJ,"Unknown grass 3, UtahPJ",Unknown,Unknown,Grass,No
UtahPJ,Utah,None,UNGR4,UNGR4.UtahPJ,"Unknown grass 4, UtahPJ",Unknown,Unknown,Grass,No
UtahPJ,Utah,Cool-Med,UNGR,UNGR.UtahPJ,"Unknown grass, UtahPJ",Unknown,Unknown,Grass,No
