Site,Region,CodeOriginal,Code,Name,Native,Duration,Lifeform,SpeciesSeeded
Creosote,Chihuahuan,ACNA2,ACNA2,Acourtia nana,Native,Perennial,Forb,No
Creosote,Chihuahuan,AMCH3,AMCH3,Ammocodon chenopodioides,Native,Perennial,Forb,No
Creosote,Chihuahuan,BAAB,BAAB,Bahia absinthifolia,Native,Perennial,Forb,No
Creosote,Chihuahuan,BAMU,BAMU,Baileya multiradiata,Native,Unknown,Forb,No
Creosote,Chihuahuan,BOERH2,BOERH2,Boerhavia,Native,Unknown,Forb,No
Creosote,Chihuahuan,BOAR,BOAR,Bouteloua aristidoides,Native,Annual,Grass,No
Creosote,Chihuahuan,BOBA2,BOBA2,Bouteloua barbata,Native,Annual,Grass,No
Creosote,Chihuahuan,CHAMA,CHAMA.Creosote,"Chamaesyce spp., Creosote",Native,Unknown,Forb,No
Creosote,Chihuahuan,Unkcrypt,Unkcrypt.Creosote,"Cryptantha spp., Creosote",Native,Unknown,Forb,No
Creosote,Chihuahuan,DAPU7,DAPU7,Dasyochloa pulchella,Native,Perennial,Grass,No
Creosote,Chihuahuan,Eriogonum,Eriogonum.Creosote,"Eriogonum spp., Creosote",Native,Unknown,Forb,No
Creosote,Chihuahuan,KAHI,KAHI,Kallstroemia hirsutissima,Native,Annual,Forb,No
Creosote,Chihuahuan,LATR2,LATR2,Larrea tridentata,Native,Perennial,Shrub,No
Creosote,Chihuahuan,MOCE,MOCE,Mollugo cerviana,Introduced,Annual,Forb,No
Creosote,Chihuahuan,PAHI5,PAHI5,Panicum hirticaule,Native,Annual,Grass,No
Creosote,Chihuahuan,SOEL,SOEL,Solanum elaeagnifolium,Native,Perennial,Forb,No
Creosote,Chihuahuan,TAPO5,TAPO5,Talinum polygaloides,Native,Perennial,Forb,No
Creosote,Chihuahuan,TILA2,TILA2,Tidestromia lanuginosa,Native,Annual,Forb,No
Creosote,Chihuahuan,Unkfabaceae,Unkfabaceae.Creosote,"Unknown fabaceae, Creosote",Unknown,Unknown,Forb,No
Creosote,Chihuahuan,UnkForb1,UnkForb1.Creosote,"Unknown forb 1, Creosote",Unknown,Unknown,Forb,No
Creosote,Chihuahuan,Unkforb,Unkforb.Creosote,"Unknown forb, Creosote",Unknown,Unknown,Forb,No
Creosote,Chihuahuan,Unkforb1,Unkforb1.Creosote,"Unknown forb, Creosote",Unknown,Unknown,Forb,No
Creosote,Chihuahuan,Unksalsola,Unksalsola.Creosote,"Unknown forb; A very small (tiny really) forb germinant that has linear leaves like a small Salsola would. Unlikely to be salsola but best way to distinguish it from other unks., Creosote",Unknown,Unknown,Forb,No
Creosote,Chihuahuan,Unkgrass2,Unkgrass2.Creosote,"Unknown grass 2, Creosote",Unknown,Unknown,Grass,No
Creosote,Chihuahuan,Unkgrass,Unkgrass.Creosote,"Unknown grass, Creosote",Unknown,Unknown,Grass,No
Creosote,Chihuahuan,Unksporo,Unksporo.Creosote,"Unknown grass; Sporobolus and Eragrostis, Creosote",Unknown,Unknown,Grass,No
Mesquite,Chihuahuan,AMPA,AMPA,Amaranthus palmeri,Native,Annual,Forb,No
Mesquite,Chihuahuan,BAHI,BAHI,Balsamorhiza hookeri,Native,Perennial,Forb,No
Mesquite,Chihuahuan,BOERH2,BOERH2,Boerhavia,Native,Unknown,Forb,No
Mesquite,Chihuahuan,BOBA2,BOBA2,Bouteloua barbata,Native,Annual,Grass,No
Mesquite,Chihuahuan,CHAMA,CHAMA.Mesquite,"Chamaesyce spp., Mesquite",Native,Unknown,Forb,No
Mesquite,Chihuahuan,CRPO5,CRPO5,Croton pottsii,Native,Perennial,Forb,No
Mesquite,Chihuahuan,HOGL2,HOGL2,Hoffmannseggia glauca,Native,Perennial,Forb,No
Mesquite,Chihuahuan,KAHI,KAHI,Kallstroemia hirsutissima,Native,Annual,Forb,No
Mesquite,Chihuahuan,PAHI7,PAHI7,Oplismenus hirtellus (Panicum hirtellum),Introduced,Perennial,Grass,No
Mesquite,Chihuahuan,PAHI5,PAHI5,Panicum hirticaule,Native,Annual,Grass,No
Mesquite,Chihuahuan,PEPA2,PEPA2,Pectis papposa,Native,Annual,Forb,No
Mesquite,Chihuahuan,POPI3,POPI3,Portulaca pilosa,Native,Unknown,Forb,No
Mesquite,Chihuahuan,PRGL2,PRGL2,Prosopis glandulosa,Native,Perennial,Shrub,No
Mesquite,Chihuahuan,SEBA2,SEBA2,Senna bacillaris,Native,Perennial,Shrub,No
Mesquite,Chihuahuan,SOEL,SOEL,Solanum elaeagnifolium,Native,Perennial,Forb,No
Mesquite,Chihuahuan,TILA2,TILA2,Tidestromia lanuginosa,Native,Annual,Forb,No
Mesquite,Chihuahuan,Unkaster,Unkaster.Mesquite,"Unknown aster, Mesquite",Unknown,Unknown,Forb,No
Mesquite,Chihuahuan,UNK Fuzzy astr,UNK Fuzzy astr.Mesquite,"Unknown fuzzy aster, Mesquite",Unknown,Unknown,Forb,No
Mesquite,Chihuahuan,Unkgrass,Unkgrass.Mesquite,"Unknown grass, Mesquite",Native,Unknown,Grass,No
Mesquite,Chihuahuan,Unksporo,Unksporo.Mesquite,"Unknown grass; Sporobolus and Eragrostis, Mesquite",Unknown,Unknown,Grass,No
Mesquite,Chihuahuan,VEEN,VEEN,Verbesina encelioides,Native,Annual,Forb,No
Mesquite,Chihuahuan,ZIGR,ZIGR,Zinnia grandiflora,Native,Perennial,Forb,No
AguaFria,Colorado Plateau,ASTU,ASTU,Asclepias tuberosa,Native,Perennial,Forb,No
AguaFria,Colorado Plateau,ASNU5,ASNU5,Astragalus nuttallii,Introduced,Perennial,Forb,No
AguaFria,Colorado Plateau,AVFA,AVFA,Avena fatua,Introduced,Annual,Grass,No
AguaFria,Colorado Plateau,BRNI,BRNI,Brassica nigra,Introduced,Annual,Forb,No
AguaFria,Colorado Plateau,BRRU2,BRRU2,Bromus rubens,Introduced,Annual,Grass,No
AguaFria,Colorado Plateau,CHAL11,CHAL11,Chamaesyce albomarginata,Native,Perennial,Forb,No
AguaFria,Colorado Plateau,DICA14,DICA14,Dichelostemma capitatum,Native,Perennial,Forb,No
AguaFria,Colorado Plateau,ELSPP,ELSPP.AguaFria,"Elymus spp., AguaFria",Native/Unknown,Unknown,Grass,No
AguaFria,Colorado Plateau,ERCI6,ERCI6,Erodium cicutarium,Introduced,Annual,Forb,No
AguaFria,Colorado Plateau,HOPU,HOPU,Hordeum pusillum,Native,Annual,Grass,No
AguaFria,Colorado Plateau,LEPA6,LEPA6,Leptochloa panicea,Native,Unknown,Grass,No
AguaFria,Colorado Plateau,LOSA,LOSA,Lotus salsuginosus,Native,Annual,Forb,No
AguaFria,Colorado Plateau,LUSP,LUSP,Lupinus sparsiflorus (?),Native,Annual,Forb,No
AguaFria,Colorado Plateau,LUSPP,LUSPP.AguaFria,"Lupinus spp., AguaFria",Native/Unknown,Unknown,Forb,No
AguaFria,Colorado Plateau,MEOF,MEOF,Melilotus officinalis,Introduced,Unknown,Forb,No
AguaFria,Colorado Plateau,PLPA2,PLPA2,Plantago patagonica,Native,Annual,Forb,No
AguaFria,Colorado Plateau,SCBA,SCBA,Schismus barbatus,Introduced,Annual,Grass,No
AguaFria,Colorado Plateau,SECO10,SECO10,Senna covesii,Native,Perennial,Forb,No
AguaFria,Colorado Plateau,SPSP,SPSP.AguaFria,"Sphaeralcea spp., AguaFria",Native/Unknown,Unknown,Forb,No
AguaFria,Colorado Plateau,UNFO1,UNFO1.AguaFria,"Unknown forb 1, AguaFria",Unknown,Unknown,Forb,No
AguaFria,Colorado Plateau,UNFO2,UNFO2.AguaFria,"Unknown forb 2, AguaFria",Unknown,Unknown,Forb,No
AguaFria,Colorado Plateau,UNFO3,UNFO3.AguaFria,"Unknown forb 3, AguaFria",Unknown,Unknown,Forb,No
AguaFria,Colorado Plateau,UNFO4,UNFO4.AguaFria,"Unknown forb 4, AguaFria",Unknown,Unknown,Forb,No
AguaFria,Colorado Plateau,UNFO5,UNFO5.AguaFria,"Unknown forb 5, AguaFria",Unknown,Unknown,Forb,No
AguaFria,Colorado Plateau,UNFO6,UNFO6.AguaFria,"Unknown forb 6, AguaFria",Unknown,Unknown,Forb,No
AguaFria,Colorado Plateau,UNFO7,UNFO7.AguaFria,"Unknown forb 7, AguaFria",Unknown,Unknown,Forb,No
AguaFria,Colorado Plateau,UNFO8,UNFO8.AguaFria,"Unknown forb 8, AguaFria",Unknown,Unknown,Forb,No
AguaFria,Colorado Plateau,UNGR1,UNGR1.AguaFria,"Unknown grass 1, AguaFria",Native,Unknown,Grass,No
AguaFria,Colorado Plateau,UNGR2,UNGR2.AguaFria,"Unknown grass 2, AguaFria",Native,Unknown,Grass,No
AguaFria,Colorado Plateau,UNGR3,UNGR3.AguaFria,"Unknown grass 3, AguaFria",Native,Unknown,Grass,No
AguaFria,Colorado Plateau,UNGR4,UNGR4.AguaFria,"Unknown grass 4, AguaFria",Unknown,Unknown,Grass,No
AguaFria,Colorado Plateau,UNGR5,UNGR5.AguaFria,"Unknown grass 5, AguaFria",Unknown,Unknown,Grass,No
AguaFria,Colorado Plateau,UNGR,UNGR.AguaFria,"Unknown grass, AguaFria",Native,Unknown,Grass,No
AguaFria,Colorado Plateau,BOSPP,BOSPP.AguaFria,"local Bouteloua species (unknown), AguaFria",Native,Unknown,Grass,No
BabbittPJ,Colorado Plateau,AMBSPP,AMBSPP.BabbittPJ,"Ambrosia spp., BabbittPJ",Native/Unknown,Unknown,Forb,No
BabbittPJ,Colorado Plateau,BOGR2,BOGR2,Bouteloua gracilis,Native,Perennial,Grass,No
BabbittPJ,Colorado Plateau,BOSI2,BOSI2,Bouteloua simplex,Native,Annual,Grass,No
BabbittPJ,Colorado Plateau,CHAL11,CHAL11,Chamaesyce albomarginata,Native,Perennial,Forb,No
BabbittPJ,Colorado Plateau,HECI,HECI,Helianthus ciliaris,Native,Perennial,Forb,No
BabbittPJ,Colorado Plateau,HESP,HESP.BabbittPJ,"Heliomeris spp., BabbittPJ",Native,Unknown,Forb,No
BabbittPJ,Colorado Plateau,LECI4,LECI4,Leymus cinereus,Native,Perennial,Grass,No
BabbittPJ,Colorado Plateau,LILE3,LILE3,Linum lewisii,Native,Perennial,Forb,No
BabbittPJ,Colorado Plateau,PHNE3,PHNE3,Phacelia neomexicana,Native,Annual,Forb,No
BabbittPJ,Colorado Plateau,PHSPP,PHSPP.BabbittPJ,"Phacelia spp., BabbittPJ",Native,Unknown,Forb,No
BabbittPJ,Colorado Plateau,SATR12,SATR12,Salsola tragus,Introduced,Annual,Forb,No
BabbittPJ,Colorado Plateau,CHEN,CHEN.BabbittPJ,"Unknown chenopod, BabbittPJ",Native/Unknown,Unknown,Forb,No
BabbittPJ,Colorado Plateau,UNFO1,UNFO1.BabbittPJ,"Unknown forb 1, BabbittPJ",Native,Unknown,Forb,No
BarTBar,Colorado Plateau,ACMI2,ACMI2,Achillea millefolium,Native,Perennial,Forb,No
BarTBar,Colorado Plateau,AMASPP,AMASPP.BarTBar,"Amaranthus spp., BarTBar",Native/Unknown,Unknown,Forb,No
BarTBar,Colorado Plateau,ARFR4,ARFR4,Artemisia frigida,Native,Perennial,Shrub,No
BarTBar,Colorado Plateau,ARSPP,ARSPP.BarTBar,"Artemisia spp., BarTBar",Native/Unknown,Perennial,Shrub,No
BarTBar,Colorado Plateau,ATCA2,ATCA2,Atriplex canescens,Native,Perennial,Shrub,No
BarTBar,Colorado Plateau,CHER2,CHER2,Chaetopappa ericoides,Native,Perennial,Forb,No
BarTBar,Colorado Plateau,CHAL11,CHAL11,Chamaesyce albomarginata,Native,Perennial,Forb,No
BarTBar,Colorado Plateau,DACA7,DACA7,Dalea candida,Native,Perennial,Forb,No
BarTBar,Colorado Plateau,DAPU7,DAPU7,Dasyochloa pulchella,Native,Perennial,Grass,No
BarTBar,Colorado Plateau,DEPI,DEPI,Descurainia pinnata,Native,Unknown,Forb,No
BarTBar,Colorado Plateau,ERISP,ERISP.BarTBar,"Eriogonum spp., BarTBar",Native,Unknown,Forb,No
BarTBar,Colorado Plateau,GUSA2,GUSA2,Gutierrezia sarothrae,Native,Perennial,Shrub,No
BarTBar,Colorado Plateau,KRLA2,KRLA2,Krascheninnikovia lanata,Native,Perennial,Shrub,No
BarTBar,Colorado Plateau,LILE3,LILE3,Linum lewisii,Native,Perennial,Forb,No
BarTBar,Colorado Plateau,OESP,OESP.BarTBar,"Oenothera spp., BarTBar",Native/Unknown,Unknown,Forb,No
BarTBar,Colorado Plateau,PORSPP,PORSPP.BarTBar,"Portulaca spp., BarTBar",Native,Unknown,Forb,No
BarTBar,Colorado Plateau,SATR12,SATR12,Salsola tragus,Introduced,Annual,Forb,No
BarTBar,Colorado Plateau,SAAB,SAAB,Sanvitalia abertii,Native,Annual,Forb,No
BarTBar,Colorado Plateau,SCMU6,SCMU6,Schkuhria multiflora,Native,Annual,Forb,No
BarTBar,Colorado Plateau,SPSP,SPSP.BarTBar,"Sphaeralcea spp., BarTBar",Native/Unknown,Unknown,Forb,No
BarTBar,Colorado Plateau,UNFO12,UNFO12.BarTBar,"Unknown forb 12, BarTBar",Unknown,Unknown,Forb,No
BarTBar,Colorado Plateau,UNFO13,UNFO13.BarTBar,"Unknown forb 13, BarTBar",Unknown,Unknown,Forb,No
BarTBar,Colorado Plateau,UNFO14,UNFO14.BarTBar,"Unknown forb 14, BarTBar",Unknown,Unknown,Forb,No
BarTBar,Colorado Plateau,UNFO16,UNFO16.BarTBar,"Unknown forb 16, BarTBar",Unknown,Unknown,Forb,No
BarTBar,Colorado Plateau,UNFO3,UNFO3.BarTBar,"Unknown forb 3, BarTBar",Unknown,Unknown,Forb,No
BarTBar,Colorado Plateau,UNFO4,UNFO4.BarTBar,"Unknown forb 4, BarTBar",Unknown,Unknown,Forb,No
BarTBar,Colorado Plateau,UNFO7,UNFO7.BarTBar,"Unknown forb 7, BarTBar",Unknown,Unknown,Forb,No
BarTBar,Colorado Plateau,UNFO8,UNFO8.BarTBar,"Unknown forb 8, BarTBar",Unknown,Unknown,Forb,No
BarTBar,Colorado Plateau,UNFO9,UNFO9.BarTBar,"Unknown forb 9, BarTBar",Native,Unknown,Forb,No
BarTBar,Colorado Plateau,UNGR,UNGR.BarTBar,"Unknown grass, BarTBar",Native,Unknown,Grass,No
BarTBar,Colorado Plateau,UNSH,UNSH.BarTBar,"Unknown shrub, BarTBar",Unknown,Perennial,Shrub,No
BarTBar,Colorado Plateau,BOSPP,BOSPP.BarTBar,"local Bouteloua species (unknown), BarTBar",Native,Unknown,Grass,No
FlyingM,Colorado Plateau,AmaranthusSpp,AmaranthusSpp.FlyingM,"Amaranthus spp., FlyingM",Unknown,Unknown,Forb,No
FlyingM,Colorado Plateau,ATCA2,ATCA2,Atriplex canescens,Native,Perennial,Shrub,No
FlyingM,Colorado Plateau,ATCO,ATCO,Atriplex confertifolia,Native,Perennial,Shrub,No
FlyingM,Colorado Plateau,BOGR2,BOGR2,Bouteloua gracilis,Native,Perennial,Grass,No
FlyingM,Colorado Plateau,CHCO2,CHCO2,Chamaesaracha coronopus,Native,Perennial,Forb,No
FlyingM,Colorado Plateau,CHWA,CHWA,Chenopodium watsonii,Native,Annual,Forb,No
FlyingM,Colorado Plateau,CRCR3,CRCR3,Cryptantha crassisepala,Native,Annual,Forb,No
FlyingM,Colorado Plateau,DACA7,DACA7,Dalea candida,Native,Perennial,Forb,No
FlyingM,Colorado Plateau,DAPU7,DAPU7,Dasyochloa pulchella,Native,Perennial,Grass,No
FlyingM,Colorado Plateau,DEPI,DEPI,Descurainia pinnata,Native,Unknown,Forb,No
FlyingM,Colorado Plateau,ELEL5,ELEL5,Elymus elymoides,Native,Perennial,Grass,No
FlyingM,Colorado Plateau,ELSPP,ELSPP.FlyingM,"Elymus spp., FlyingM",Native/Unknown,Unknown,Grass,No
FlyingM,Colorado Plateau,HESP,HESP.FlyingM,"Heliomeris spp., FlyingM",Native,Unknown,Forb,No
FlyingM,Colorado Plateau,KRLA2,KRLA2,Krascheninnikovia lanata,Native,Perennial,Shrub,No
FlyingM,Colorado Plateau,MATA2,MATA2,Machaeranthera tanacetifolia,Native,Annual,Forb,No
FlyingM,Colorado Plateau,MEMO4,MEMO4,Mentzelia montana,Native,Annual,Forb,No
FlyingM,Colorado Plateau,PORSPP,PORSPP.FlyingM,"Portulaca spp., FlyingM",Native,Unknown,Forb,No
FlyingM,Colorado Plateau,SATR12,SATR12,Salsola tragus,Introduced,Annual,Forb,No
FlyingM,Colorado Plateau,SAAB,SAAB,Sanvitalia abertii,Native,Annual,Forb,No
FlyingM,Colorado Plateau,SPSP,SPSP.FlyingM,"Sphaeralcea spp., FlyingM",Native/Unknown,Unknown,Forb,No
FlyingM,Colorado Plateau,UNFO1,UNFO1.FlyingM,"Unknown forb 1, FlyingM",Unknown,Unknown,Forb,No
FlyingM,Colorado Plateau,UNFO2,UNFO2.FlyingM,"Unknown forb 2, FlyingM",Unknown,Unknown,Forb,No
FlyingM,Colorado Plateau,UNFO3,UNFO3.FlyingM,"Unknown forb 3, FlyingM",Unknown,Unknown,Forb,No
FlyingM,Colorado Plateau,UNFO4,UNFO4.FlyingM,"Unknown forb 4, FlyingM",Unknown,Unknown,Forb,No
FlyingM,Colorado Plateau,UNFO5,UNFO5.FlyingM,"Unknown forb 5, FlyingM",Unknown,Unknown,Forb,No
FlyingM,Colorado Plateau,UNFO6,UNFO6.FlyingM,"Unknown forb 6, FlyingM",Unknown,Unknown,Forb,No
FlyingM,Colorado Plateau,UNFO7,UNFO7.FlyingM,"Unknown forb 7, FlyingM",Unknown,Unknown,Forb,No
FlyingM,Colorado Plateau,UNGR1,UNGR1.FlyingM,"Unknown grass 1, FlyingM",Unknown,Unknown,Grass,No
FlyingM,Colorado Plateau,UNGR,UNGR.FlyingM,"Unknown grass, FlyingM",Native,Unknown,Grass,No
FlyingM,Colorado Plateau,VEEN,VEEN,Verbesina encelioides,Native,Annual,Forb,No
FlyingM,Colorado Plateau,BOSPP,BOSPP.FlyingM,"local Bouteloua species (unknown), FlyingM",Native,Unknown,Grass,No
MOWE,Colorado Plateau,0,0,0,0,0,0,No
MOWE,Colorado Plateau,BAMU,BAMU,Baileya multiradiata,Native,Unknown,Forb,No
MOWE,Colorado Plateau,BRRU2,BRRU2,Bromus rubens,Introduced,Annual,Grass,No
MOWE,Colorado Plateau,BRTE,BRTE,Bromus tectorum,Introduced,Annual,Grass,No
MOWE,Colorado Plateau,CHAL11,CHAL11,Chamaesyce albomarginata,Native,Perennial,Forb,No
MOWE,Colorado Plateau,CHTE2,CHTE2,Chorispora tenella,Introduced,Annual,Forb,No
MOWE,Colorado Plateau,DEPI,DEPI,Descurainia pinnata,Native,Unknown,Forb,No
MOWE,Colorado Plateau,DRCU,DRCU,Draba cuneifolia,Native,Annual,Forb,No
MOWE,Colorado Plateau,ERCI6,ERCI6,Erodium cicutarium,Introduced,Annual,Forb,No
MOWE,Colorado Plateau,HOMU,HOMU,Hordeum murinum,Introduced,Annual,Grass,No
MOWE,Colorado Plateau,HOPU,HOPU,Hordeum pusillum,Native,Annual,Grass,No
MOWE,Colorado Plateau,MAGR10,MAGR10,Machaeranthera gracilis,Native,Annual,Forb,No
MOWE,Colorado Plateau,PEPA8,PEPA8,Penstemon palmeri,Native,Perennial,Forb,No
MOWE,Colorado Plateau,SATR12,SATR12,Salsola tragus,Introduced,Annual,Forb,No
MOWE,Colorado Plateau,SIAL2,SIAL2,Sisymbrium altissimum,Introduced,Annual,Forb,No
MOWE,Colorado Plateau,SOEL,SOEL,Solanum elaeagnifolium,Native,Perennial,Forb,No
MOWE,Colorado Plateau,TRTE,TRTE,Tribulus terrestris,Introduced,Annual,Forb,No
MOWE,Colorado Plateau,CHEN,CHEN.MOWE,"Unknown chenopod, MOWE",Native/Unknown,Unknown,Forb,No
MOWE,Colorado Plateau,UNFO1,UNFO1.MOWE,"Unknown forb 1, MOWE",Unknown,Unknown,Forb,No
MOWE,Colorado Plateau,UNFO2,UNFO2.MOWE,"Unknown forb 2, MOWE",Unknown,Unknown,Forb,No
MOWE,Colorado Plateau,UNFO4,UNFO4.MOWE,"Unknown forb 4, MOWE",Unknown,Unknown,Forb,No
MOWE,Colorado Plateau,UNFO5,UNFO5.MOWE,"Unknown forb 5, MOWE",Unknown,Unknown,Forb,No
MOWE,Colorado Plateau,UNGR1,UNGR1.MOWE,"Unknown grass 1, MOWE",Unknown,Unknown,Grass,No
MOWE,Colorado Plateau,UNGR2,UNGR2.MOWE,"Unknown grass 2, MOWE",Native,Unknown,Grass,No
MOWE,Colorado Plateau,UNGR3,UNGR3.MOWE,"Unknown grass 3, MOWE",Unknown,Unknown,Grass,No
MOWE,Colorado Plateau,UNGR4,UNGR4.MOWE,"Unknown grass 4, MOWE",Unknown,Unknown,Grass,No
PEFO,Colorado Plateau,ATCO,ATCO,Atriplex confertifolia,Native,Perennial,Shrub,No
PEFO,Colorado Plateau,ATSP,ATSP.PEFO,"Atriplex spp., PEFO",Native/Unknown,Perennial,Shrub,No
PEFO,Colorado Plateau,BRRU2,BRRU2,Bromus rubens,Introduced,Annual,Grass,No
PEFO,Colorado Plateau,CHAL11,CHAL11,Chamaesyce albomarginata,Native,Perennial,Forb,No
PEFO,Colorado Plateau,CRCR3,CRCR3,Cryptantha crassisepala,Native,Annual,Forb,No
PEFO,Colorado Plateau,DEPI,DEPI,Descurainia pinnata,Native,Unknown,Forb,No
PEFO,Colorado Plateau,ERISP,ERISP.PEFO,"Eriogonum spp., PEFO",Native,Unknown,Forb,No
PEFO,Colorado Plateau,GUSA2,GUSA2,Gutierrezia sarothrae,Native,Perennial,Shrub,No
PEFO,Colorado Plateau,HAGL,HAGL,Halogeton glomeratus,Introduced,Annual,Forb,No
PEFO,Colorado Plateau,MENSPP,MENSPP.PEFO,"Mentzelia spp., PEFO",Native,Unknown,Forb,No
PEFO,Colorado Plateau,PORSPP,PORSPP.PEFO,"Portulaca spp., PEFO",Native,Unknown,Forb,No
PEFO,Colorado Plateau,SATR12,SATR12,Salsola tragus,Introduced,Annual,Forb,No
PEFO,Colorado Plateau,SPCR,SPCR,Sporobolus cryptandrus,Native,Perennial,Grass,No
PEFO,Colorado Plateau,TOIN,TOIN,Townsendia incana,Native,Unknown,Forb,No
PEFO,Colorado Plateau,UCHEN1,UCHEN1.PEFO,"Unknown UCHEN1 (?), PEFO",Unknown,Unknown,Unknown,No
PEFO,Colorado Plateau,UCHEN2,UCHEN2.PEFO,"Unknown UCHEN2 (?), PEFO",Unknown,Unknown,Unknown,No
PEFO,Colorado Plateau,UNFO1,UNFO1.PEFO,"Unknown forb 1, PEFO",Unknown,Unknown,Forb,No
PEFO,Colorado Plateau,UNGR1,UNGR1.PEFO,"Unknown grass 1, PEFO",Native,Unknown,Grass,No
PEFO,Colorado Plateau,UNGR3,UNGR3.PEFO,"Unknown grass 3, PEFO",Native,Unknown,Grass,No
PEFO,Colorado Plateau,UNGR,UNGR.PEFO,"Unknown grass, PEFO",Native,Unknown,Grass,No
PEFO,Colorado Plateau,BOSPP,BOSPP.PEFO,"local Bouteloua species (unknown), PEFO",Native,Unknown,Grass,No
Spiderweb,Colorado Plateau,ALIN,ALIN,Allionia incarnata,Native,Unknown,Forb,No
Spiderweb,Colorado Plateau,ATCO,ATCO,Atriplex confertifolia,Native,Perennial,Shrub,No
Spiderweb,Colorado Plateau,BOSI2,BOSI2,Bouteloua simplex,Native,Annual,Grass,No
Spiderweb,Colorado Plateau,CHCO2,CHCO2,Chamaesaracha coronopus,Native,Perennial,Forb,No
Spiderweb,Colorado Plateau,CHAL11,CHAL11,Chamaesyce albomarginata,Native,Perennial,Forb,No
Spiderweb,Colorado Plateau,CLLU2,CLLU2,Cleome lutea,Native,Annual,Forb,No
Spiderweb,Colorado Plateau,DAPU7,DAPU7,Dasyochloa pulchella,Native,Perennial,Grass,No
Spiderweb,Colorado Plateau,GILSPP,GILSPP.Spiderweb,"Gilia spp., Spiderweb",Native,Unknown,Forb,No
Spiderweb,Colorado Plateau,HAGL,HAGL,Halogeton glomeratus,Introduced,Annual,Forb,No
Spiderweb,Colorado Plateau,LOESE2,LOESE2,Loeseliastrum franciscanum,Native,Annual,Forb,No
Spiderweb,Colorado Plateau,MAGR10,MAGR10,Machaeranthera gracilis,Native,Annual,Forb,No
Spiderweb,Colorado Plateau,SATR12,SATR12,Salsola tragus,Introduced,Annual,Forb,No
Spiderweb,Colorado Plateau,TRTE,TRTE,Tribulus terrestris,Introduced,Annual,Forb,No
Spiderweb,Colorado Plateau,UNFO3,UNFO3.Spiderweb,"Unknown forb 3, Spiderweb",Unknown,Unknown,Forb,No
Spiderweb,Colorado Plateau,UNFO5,UNFO5.Spiderweb,"Unknown forb 5, Spiderweb",Unknown,Unknown,Forb,No
Spiderweb,Colorado Plateau,UNFO6,UNFO6.Spiderweb,"Unknown forb 6, Spiderweb",Unknown,Unknown,Forb,No
Spiderweb,Colorado Plateau,UNFO7,UNFO7.Spiderweb,"Unknown forb 7, Spiderweb",Unknown,Unknown,Forb,No
Spiderweb,Colorado Plateau,UNFO8,UNFO8.Spiderweb,"Unknown forb 8, Spiderweb",Unknown,Unknown,Forb,No
Spiderweb,Colorado Plateau,UNGR,UNGR.Spiderweb,"Unknown grass, Spiderweb",Native,Unknown,Grass,No
Spiderweb,Colorado Plateau,BOSPP,BOSPP.Spiderweb,"local Bouteloua species (unknown), Spiderweb",Native,Unknown,Grass,No
TLE,Colorado Plateau,ACHY,ACHY,Achnatherum hymenoides,Native,Perennial,Grass,No
TLE,Colorado Plateau,AMTO3,AMTO3,Ambrosia tomentosa,Native,Perennial,Forb,No
TLE,Colorado Plateau,BRRU2,BRRU2,Bromus rubens,Introduced,Annual,Grass,No
TLE,Colorado Plateau,CHAL11,CHAL11,Chamaesyce albomarginata,Native,Perennial,Forb,No
TLE,Colorado Plateau,DAPU7,DAPU7,Dasyochloa pulchella,Native,Perennial,Grass,No
TLE,Colorado Plateau,MACSPP,MACSPP.TLE,"Machaeranthera spp., TLE",Native,Unknown,Forb,No
TLE,Colorado Plateau,MEAL6,MEAL6,Mentzelia albicaulis,Native,Annual,Forb,No
TLE,Colorado Plateau,SATR12,SATR12,Salsola tragus,Introduced,Annual,Forb,No
TLE,Colorado Plateau,SPSP,SPSP.TLE,"Sphaeralcea spp., TLE",Native/Unknown,Unknown,Forb,No
TLE,Colorado Plateau,TRTE,TRTE,Tribulus terrestris,Introduced,Annual,Forb,No
TLE,Colorado Plateau,CHEN,CHEN.TLE,"Unknown chenopod, TLE",Native/Unknown,Unknown,Forb,No
TLE,Colorado Plateau,UNFO2,UNFO2.TLE,"Unknown forb 2, TLE",Unknown,Unknown,Forb,No
TLE,Colorado Plateau,UNGR,UNGR.TLE,"Unknown grass, TLE",Native,Unknown,Grass,No
29_Palms,Mojave,CHASPP,CHASPP.29_Palms,"Chaenactis spp., 29_Palms",Native,Unknown,Forb,No
29_Palms,Mojave,CRYSPP,CRYSPP.29_Palms,"Cryptantha spp., 29_Palms",Native,Unknown,Forb,No
29_Palms,Mojave,GILSPP,GILSPP.29_Palms,"Gilia spp., 29_Palms",Native,Unknown,Forb,No
29_Palms,Mojave,LEPSPP,LEPSPP.29_Palms,"Lepidium spp., 29_Palms",Native/Unknown,Unknown,Forb,No
29_Palms,Mojave,MENSPP,MENSPP.29_Palms,"Mentzelia spp., 29_Palms",Native,Unknown,Forb,No
29_Palms,Mojave,PEPL,PEPL,Pectocarya platycarpa,Native,Annual,Forb,No
29_Palms,Mojave,PECSPP,PECSPP.29_Palms,"Pectocarya spp., 29_Palms",Native,Unknown,Forb,No
29_Palms,Mojave,PLOV,PLOV,Plantago ovata,Native,Annual,Forb,No
29_Palms,Mojave,SCBA,SCBA,Schismus barbatus,Introduced,Annual,Grass,No
AVRCD,Mojave,AMTE3,AMTE3,Amsinckia tessellata,Native,Annual,Forb,No
AVRCD,Mojave,BRRU2,BRRU2,Bromus rubens,Introduced,Annual,Grass,No
AVRCD,Mojave,CRSE11,CRSE11,Croton setigerus,Native,Annual,Forb,No
AVRCD,Mojave,CRYSPP,CRYSPP.AVRCD,"Cryptantha spp., AVRCD",Native,Unknown,Forb,No
AVRCD,Mojave,ERIN4,ERIN4,Eriogonum inflatum,Native,Unknown,Forb,No
AVRCD,Mojave,ERCI6,ERCI6,Erodium cicutarium,Introduced,Annual,Forb,No
AVRCD,Mojave,HIIN3,HIIN3,Hirschfeldia incana,Introduced,Unknown,Forb,No
AVRCD,Mojave,LACA7,LACA7,Lasthenia californica,Native,Unknown,Forb,No
AVRCD,Mojave,MADI6,MADI6,Matricaria discoidea,Introduced,Annual,Forb,No
AVRCD,Mojave,PEPL,PEPL,Pectocarya platycarpa,Native,Annual,Forb,No
AVRCD,Mojave,SCBA,SCBA,Schismus barbatus,Introduced,Annual,Grass,No
AVRCD,Mojave,SIAL2,SIAL2,Sisymbrium altissimum,Introduced,Annual,Forb,No
AVRCD,Mojave,SPAM2,SPAM2,Sphaeralcea ambigua,Native,Perennial,Forb,No
AVRCD,Mojave,UNFO2A,UNFO2A.AVRCD,"Unknown forb 2A, AVRCD",Unknown,Unknown,Forb,No
Pleasant,Sonoran Central,ACMIS,ACMIS,Acmispon (Lotus),Native,Unknown,Forb,No
Pleasant,Sonoran Central,AMMEI2,AMMEI2,Amsinckia menziesii,Native,Annual,Forb,No
Pleasant,Sonoran Central,BRRU2,BRRU2,Bromus rubens,Introduced,Annual,Grass,No
Pleasant,Sonoran Central,CACI2,CACI2,Calandrinia ciliata,Native,Annual,Forb,No
Pleasant,Sonoran Central,EUAB,EUAB,Chamaesyce abramsiana,Native,Annual,Forb,No
Pleasant,Sonoran Central,CRCO34,CRCO34,Crassula connata,Native,Annual,Forb,No
Pleasant,Sonoran Central,ERCI6,ERCI6,Erodium cicutarium,Introduced,Annual,Forb,No
Pleasant,Sonoran Central,HAPAA,HAPAA,Harpagonella palmeri,Native,Annual,Forb,No
Pleasant,Sonoran Central,HEHIC,HEHIC,Herniaria hirsuta,Introduced,Annual,Forb,No
Pleasant,Sonoran Central,LELA,LELA,Lepidium lasiocarpum,Native,Annual,Forb,No
Pleasant,Sonoran Central,LOAR12,LOAR12,Logfia arizonica,Native,Annual,Forb,No
Pleasant,Sonoran Central,LOHU2,LOHU2,Lotus humistratus,Native,Annual,Forb,No
Pleasant,Sonoran Central,LOSTT,LOSTT,Lotus strigosus,Native,Annual,Forb,No
Pleasant,Sonoran Central,LUSP2,LUSP2,Lupinus sparsiflorus,Native,Annual,Forb,No
Pleasant,Sonoran Central,MAPA5,MAPA5,Malva parviflora,Introduced,Unknown,Forb,No
Pleasant,Sonoran Central,MEIN2,MEIN2,Melilotus indicus,Introduced,Annual,Forb,No
Pleasant,Sonoran Central,MONU,MONU,Monolepis nuttalliana,Native,Annual,Forb,No
Pleasant,Sonoran Central,PEHE,PEHE,Pectocarya heterocarpa,Native,Annual,Forb,No
Pleasant,Sonoran Central,PEPL,PEPL,Pectocarya platycarpa,Native,Annual,Forb,No
Pleasant,Sonoran Central,PERE,PERE,Pectocarya recurvata,Native,Annual,Forb,No
Pleasant,Sonoran Central,PLAR,PLAR,Plagiobothrys arizonicus,Native,Annual,Forb,No
Pleasant,Sonoran Central,PLPR3,PLPR3,Plagiobothrys pringlei,Native,Annual,Forb,No
Pleasant,Sonoran Central,PLOV,PLOV,Plantago ovata,Native,Annual,Forb,No
Pleasant,Sonoran Central,SACO6,SACO6,Salvia columbariae,Native,Annual,Forb,No
Pleasant,Sonoran Central,SCBA,SCBA,Schismus barbatus,Introduced,Annual,Grass,No
Preserve,Sonoran Central,ABPA3,ABPA3,Abutilon parvulum,Native,Perennial,Forb,No
Preserve,Sonoran Central,AMCO3,AMCO3,Ambrosia confertiflora,Native,Perennial,Forb,No
Preserve,Sonoran Central,ARAD,ARAD,Aristida adscensionis,Native,Annual,Grass,No
Preserve,Sonoran Central,BOAR,BOAR,Bouteloua aristidoides,Native,Annual,Grass,No
Preserve,Sonoran Central,BORO2,BORO2,Bouteloua rothrockii,Native,Perennial,Grass,No
Preserve,Sonoran Central,BRRU2,BRRU2,Bromus rubens,Introduced,Annual,Grass,No
Preserve,Sonoran Central,CHPO12,CHPO12,Chamaesyce polycarpa,Native,Unknown,Forb,No
Preserve,Sonoran Central,CHBR,CHBR,Chorizanthe brevicornu,Native,Annual,Forb,No
Preserve,Sonoran Central,CRCO34,CRCO34,Crassula connata,Native,Annual,Forb,No
Preserve,Sonoran Central,CRBA5,CRBA5,Cryptantha barbigera,Native,Annual,Forb,No
Preserve,Sonoran Central,ERIAS,ERIAS,Eriastrum,Native,Unknown,Forb,No
Preserve,Sonoran Central,ERDI2,ERDI2,Eriastrum diffusum,Native,Annual,Forb,No
Preserve,Sonoran Central,ERPA11,ERPA11,Eriogonum palmerianum,Native,Annual,Forb,No
Preserve,Sonoran Central,ERCI6,ERCI6,Erodium cicutarium,Introduced,Annual,Forb,No
Preserve,Sonoran Central,HEHIC,HEHIC,Herniaria hirsuta,Introduced,Annual,Forb,No
Preserve,Sonoran Central,LACA7,LACA7,Lasthenia californica,Native,Unknown,Forb,No
Preserve,Sonoran Central,LAGR10,LAGR10,Lasthenia gracilis,Native,Annual,Forb,No
Preserve,Sonoran Central,LELA,LELA,Lepidium lasiocarpum,Native,Annual,Forb,No
Preserve,Sonoran Central,LOSQ,LOSQ,Loeflingia squarrosa,Native,Annual,Forb,No
Preserve,Sonoran Central,LOAR12,LOAR12,Logfia arizonica,Native,Annual,Forb,No
Preserve,Sonoran Central,LOHU2,LOHU2,Lotus humistratus,Native,Annual,Forb,No
Preserve,Sonoran Central,LOSTT,LOSTT,Lotus strigosus,Native,Annual,Forb,No
Preserve,Sonoran Central,LUCO,LUCO,Lupinus concinnus,Native,Annual,Forb,No
Preserve,Sonoran Central,LUSP2,LUSP2,Lupinus sparsiflorus,Native,Annual,Forb,No
Preserve,Sonoran Central,PECTO,PECTO,Pectocarya,Native,Annual,Forb,No
Preserve,Sonoran Central,PEHE,PEHE,Pectocarya heterocarpa,Native,Annual,Forb,No
Preserve,Sonoran Central,PEPL,PEPL,Pectocarya platycarpa,Native,Annual,Forb,No
Preserve,Sonoran Central,PERE,PERE,Pectocarya recurvata,Native,Annual,Forb,No
Preserve,Sonoran Central,PLAR,PLAR,Plagiobothrys arizonicus,Native,Annual,Forb,No
Preserve,Sonoran Central,PLPR3,PLPR3,Plagiobothrys pringlei,Native,Annual,Forb,No
Preserve,Sonoran Central,PLPA2,PLPA2,Plantago patagonica,Native,Annual,Forb,No
Preserve,Sonoran Central,SCBA,SCBA,Schismus barbatus,Introduced,Annual,Grass,No
Preserve,Sonoran Central,SIAN2,SIAN2,Silene antirrhina,Native,Annual,Forb,No
Preserve,Sonoran Central,STGN,STGN,Stylocline gnaphalioides,Native,Annual,Forb,No
Preserve,Sonoran Central,VUOC,VUOC,Vulpia octoflora,Native,Annual,Grass,No
Roosevelt,Sonoran Central,AMMEI2,AMMEI2,Amsinckia menziesii,Native,Annual,Forb,No
Roosevelt,Sonoran Central,ASNU4,ASNU4,Astragalus nuttallianus,Native,Unknown,Forb,No
Roosevelt,Sonoran Central,BRRU2,BRRU2,Bromus rubens,Introduced,Annual,Grass,No
Roosevelt,Sonoran Central,CHAL11,CHAL11,Chamaesyce albomarginata,Native,Perennial,Forb,No
Roosevelt,Sonoran Central,CHPO12,CHPO12,Chamaesyce polycarpa,Native,Unknown,Forb,No
Roosevelt,Sonoran Central,CRCO34,CRCO34,Crassula connata,Native,Annual,Forb,No
Roosevelt,Sonoran Central,CRYPT,CRYPT.Roosevelt,"Cryptantha spp., Roosevelt",Native,Unknown,Forb,No
Roosevelt,Sonoran Central,DAPU3,DAPU3,Daucus pusillus,Native,Annual,Forb,No
Roosevelt,Sonoran Central,DICA14,DICA14,Dichelostemma capitatum,Native,Perennial,Forb,No
Roosevelt,Sonoran Central,ERCI6,ERCI6,Erodium cicutarium,Introduced,Annual,Forb,No
Roosevelt,Sonoran Central,HAPAA,HAPAA,Harpagonella palmeri,Native,Annual,Forb,No
Roosevelt,Sonoran Central,HEHIC,HEHIC,Herniaria hirsuta,Introduced,Annual,Forb,No
Roosevelt,Sonoran Central,LACA7,LACA7,Lasthenia californica,Native,Unknown,Forb,No
Roosevelt,Sonoran Central,LAGR10,LAGR10,Lasthenia gracilis,Native,Annual,Forb,No
Roosevelt,Sonoran Central,LELA,LELA,Lepidium lasiocarpum,Native,Annual,Forb,No
Roosevelt,Sonoran Central,LOAR12,LOAR12,Logfia arizonica,Native,Annual,Forb,No
Roosevelt,Sonoran Central,LOHU2,LOHU2,Lotus humistratus,Native,Annual,Forb,No
Roosevelt,Sonoran Central,LOSTT,LOSTT,Lotus strigosus,Native,Annual,Forb,No
Roosevelt,Sonoran Central,LUSP2,LUSP2,Lupinus sparsiflorus,Native,Annual,Forb,No
Roosevelt,Sonoran Central,MEIN2,MEIN2,Melilotus indicus,Introduced,Annual,Forb,No
Roosevelt,Sonoran Central,PECTO,PECTO,Pectocarya,Native,Annual,Forb,No
Roosevelt,Sonoran Central,PEHE,PEHE,Pectocarya heterocarpa,Native,Annual,Forb,No
Roosevelt,Sonoran Central,PERE,PERE,Pectocarya recurvata,Native,Annual,Forb,No
Roosevelt,Sonoran Central,PLAR,PLAR,Plagiobothrys arizonicus,Native,Annual,Forb,No
Roosevelt,Sonoran Central,PLPR3,PLPR3,Plagiobothrys pringlei,Native,Annual,Forb,No
Roosevelt,Sonoran Central,PLANT,PLANT,Plantago,Unknown,Unknown,Forb,No
Roosevelt,Sonoran Central,PLPA2,PLPA2,Plantago patagonica,Native,Annual,Forb,No
Roosevelt,Sonoran Central,POBI,POBI,Poa bigelovii,Native,Annual,Grass,No
Roosevelt,Sonoran Central,SACO6,SACO6,Salvia columbariae,Native,Annual,Forb,No
Roosevelt,Sonoran Central,SCBA,SCBA,Schismus barbatus,Introduced,Annual,Grass,No
Roosevelt,Sonoran Central,SIAN2,SIAN2,Silene antirrhina,Native,Annual,Forb,No
Roosevelt,Sonoran Central,SOOL,SOOL,Sonchus oleraceus,Introduced,Annual,Forb,No
Roosevelt,Sonoran Central,VEPEX2,VEPEX2,Veronica peregrina ssp. xalapensis,Native,Annual,Forb,No
Roosevelt,Sonoran Central,VUOC,VUOC,Vulpia octoflora,Native,Annual,Grass,No
SCC,Sonoran Central,BOIN,BOIN,Boerhavia intermedia,Native,Annual,Forb,No
SCC,Sonoran Central,ERCI6,ERCI6,Erodium cicutarium,Introduced,Annual,Forb,No
SCC,Sonoran Central,MAPA5,MAPA5,Malva parviflora,Introduced,Unknown,Forb,No
SCC,Sonoran Central,MONU,MONU,Monolepis nuttalliana,Native,Annual,Forb,No
SCC,Sonoran Central,ONPI,ONPI,Oncosiphon piluliferum,Introduced,Annual,Forb,No
SCC,Sonoran Central,POOL,POOL,Portulaca oleracea,Unknown,Annual,Forb,No
SCC,Sonoran Central,SCBA,SCBA,Schismus barbatus,Introduced,Annual,Grass,No
SCC,Sonoran Central,SIIR,SIIR,Sisymbrium irio,Introduced,Annual,Forb,No
SCC,Sonoran Central,TRTE,TRTE,Tribulus terrestris,Introduced,Annual,Forb,No
Patagonia,Sonoran SE,ARPU9,ARPU9,Aristida purpurea,Native,Perennial,Grass,No
Patagonia,Sonoran SE,ARISPP,ARISPP.Patagonia,"Aristida spp., Patagonia",Native,Unknown,Grass,No
Patagonia,Sonoran SE,CALSPP,CALSPP.Patagonia,"Calandrinia spp., Patagonia",Native,Unknown,Forb,No
Patagonia,Sonoran SE,CHESPP,CHESPP.Patagonia,"Chenopodium spp., Patagonia",Unknown,Unknown,Forb,No
Patagonia,Sonoran SE,COCA5,COCA5,Conyza canadensis,Native,Annual,Forb,No
Patagonia,Sonoran SE,DICA14,DICA14,Dichelostemma capitatum,Native,Perennial,Forb,No
Patagonia,Sonoran SE,ERCU2,ERCU2,Eragrostis curvula,Introduced,Perennial,Grass,No
Patagonia,Sonoran SE,ERLE,ERLE,Eragrostis lehmanniana,Introduced,Perennial,Grass,No
Patagonia,Sonoran SE,ERASPP,ERASPP.Patagonia,"Eragrostis spp., ERCU or ERLE, Patagonia",Unknown,Unknown,Grass,No
Patagonia,Sonoran SE,ERISPP,ERISPP.Patagonia,"Eriastrum or Erigonum spp. (?), Patagonia",Native,Unknown,Forb,No
Patagonia,Sonoran SE,ERCI6,ERCI6,Erodium cicutarium,Introduced,Annual,Forb,No
Patagonia,Sonoran SE,ESCA2,ESCA2,Eschscholzia californica,Native,Unknown,Forb,No
Patagonia,Sonoran SE,GLGO,GLGO,Glandularia gooddingii,Native,Perennial,Forb,No
Patagonia,Sonoran SE,LETH2,LETH2,Lepidium thurberi,Native,Annual,Forb,No
Patagonia,Sonoran SE,MENSPP,MENSPP.Patagonia,"Mentzelia spp., Patagonia",Native,Unknown,Forb,No
Patagonia,Sonoran SE,PHDI,PHDI,Phacelia distans,Native,Unknown,Forb,No
Patagonia,Sonoran SE,POSE,POSE,Poa secunda,Native,Perennial,Grass,No
Patagonia,Sonoran SE,PSCA11,PSCA11,Pseudognaphalium canescens,Native,Unknown,Forb,No
Patagonia,Sonoran SE,SATR12,SATR12,Salsola tragus,Introduced,Annual,Forb,No
Patagonia,Sonoran SE,SINE,SINE,Sida neomexicana,Native,Perennial,Forb,No
Patagonia,Sonoran SE,SPCR,SPCR,Sporobolus cryptandrus,Native,Perennial,Grass,No
Patagonia,Sonoran SE,TRPI,TRPI,Tradescantia pinetorum,Native,Perennial,Forb,No
Patagonia,Sonoran SE,UNFO1,UNFO1.Patagonia,"Unknown forb (Patagonia and SRER are same); upright mustard with tiny blueish flower, Patagonia",Unknown,Unknown,Forb,No
Patagonia,Sonoran SE,UNFO5,UNFO5.Patagonia,"Unknown forb (Patagonia); Similar to dandelion, yellow closed flowers, Patagonia",Unknown,Unknown,Forb,No
Patagonia,Sonoran SE,UNFO2,UNFO2.Patagonia,"Unknown forb (Patagonia); low to ground, succulenty, tiny white flowers, similar to purslane, Patagonia",Unknown,Unknown,Forb,No
Patagonia,Sonoran SE,UNFO3,UNFO3.Patagonia,"Unknown forb (Patagonia); upright mustard with small pods and tiny yellow flowers, Patagonia",Unknown,Unknown,Forb,No
Patagonia,Sonoran SE,UNFO1A,UNFO1A.Patagonia,"Unknown forb (Patagonia, Nov 2019) = Darker Green, 5 petals radiating out, Patagonia",Unknown,Unknown,Forb,No
Patagonia,Sonoran SE,UNFO_P_3,UNFO_P_3.Patagonia,"Unknown forb; Fabeacea (pea), long and spindly (Spring 2021), Patagonia",Unknown,Unknown,Forb,No
Patagonia,Sonoran SE,UNFO_P_2,UNFO_P_2.Patagonia,"Unknown forb; Pinated leaves, upright rosette, lighter green, Ambrosia?  (Spring 2021), Patagonia",Unknown,Unknown,Forb,No
Patagonia,Sonoran SE,UNFO_P_5,UNFO_P_5.Patagonia,"Unknown forb; Prominent mid-vein, leaf doesn't completely surround/there's good amount of petiole, ovate leaves that're slightly speckled, oenothera? (Spring 2021), Patagonia",Unknown,Unknown,Forb,No
Patagonia,Sonoran SE,UNFO_P_7,UNFO_P_7.Patagonia,"Unknown forb; Rosette leaves slightly fuzzy and silvery light green. simple leaves, smells like bandaids (Spring 2021), Patagonia",Unknown,Unknown,Forb,No
Patagonia,Sonoran SE,UNFO6,UNFO6.Patagonia,"Unknown forb; green, young, radiating basal leaves; slightly fuzzy; Patagonia, Patagonia",Unknown,Unknown,Forb,No
Patagonia,Sonoran SE,UNFO_P_1,UNFO_P_1.Patagonia,"Unknown forb; small reddish purple rosette with ovate leaves (Spring 2021), Patagonia",Unknown,Unknown,Forb,No
Patagonia,Sonoran SE,UNGRS3,UNGRS3.Patagonia,"Unknown grass (Patagonia); Lighter green, thin leaves, possible threeawn?, Patagonia",Unknown,Unknown,Grass,No
Patagonia,Sonoran SE,UNGRS2,UNGRS2.Patagonia,"Unknown grass (Patagonia); Unk grass seedling, leaf divided early like BOGR, possible lovegrass?, Patagonia",Unknown,Unknown,Grass,No
Patagonia,Sonoran SE,UNGRS1,UNGRS1.Patagonia,"Unknown grass (SRER); Small tuft grass, bouteloua like growth, heads as nodes, Patagonia",Unknown,Unknown,Grass,No
Patagonia,Sonoran SE,UNGR1,UNGR1.Patagonia,"Unknown grass 1, Patagonia",Unknown,Unknown,Grass,No
Patagonia,Sonoran SE,UNFO_P_4,UNFO_P_4.Patagonia,"Unkown forb; Unknown Fabeacea (Pea), short and fuzzy, chunky, Acmispon Brachycarpus? (Spring 2021), Patagonia",Unknown,Unknown,Forb,No
SRER,Sonoran SE,AMCO3,AMCO3,Ambrosia confertiflora,Native,Perennial,Forb,No
SRER,Sonoran SE,ANCR2,ANCR2,Anoda cristata,Native,Annual,Forb,No
SRER,Sonoran SE,ANOSPP,ANOSPP.SRER,"Anoda spp., SRER",Native,Unknown,Forb,No
SRER,Sonoran SE,ARPU9,ARPU9,Aristida purpurea,Native,Perennial,Grass,No
SRER,Sonoran SE,ARISPP,ARISPP.SRER,"Aristida spp., SRER",Native,Unknown,Grass,No
SRER,Sonoran SE,ARTE3,ARTE3,Aristida ternipes,Native,Perennial,Grass,No
SRER,Sonoran SE,ARWA,ARWA,Aristolochia watsonii,Native,Perennial,Forb,No
SRER,Sonoran SE,ASTSPP,ASTSPP.SRER,"Astragalus spp., SRER",Native/Unknown,Unknown,Forb,No
SRER,Sonoran SE,BOCO,BOCO,Boerhavia coccinea,Native,Perennial,Forb,No
SRER,Sonoran SE,BOCU,BOCU,Bouteloua curtipendula,Native,Perennial,Grass,No
SRER,Sonoran SE,BOER4,BOER4,Bouteloua eriopoda,Native,Perennial,Grass,No
SRER,Sonoran SE,BORA,BORA,Bouteloua radicosa,Native,Perennial,Grass,No
SRER,Sonoran SE,BOUSPP,BOUSPP.SRER,"Bouteloua spp., SRER",Native,Unknown,Grass,No
SRER,Sonoran SE,BRASPP,BRASPP.SRER,"Brassica spp. (likely DEPI), SRER",Native/Unknown,Unknown,Forb,No
SRER,Sonoran SE,CHFR3,CHFR3,Chenopodium fremontii,Native,Annual,Forb,No
SRER,Sonoran SE,COCA8,COCA8,Coreopsis califonica,Native,Annual,Forb,No
SRER,Sonoran SE,CRAN4,CRAN4,Cryptantha angustifolia,Native,Annual,Forb,No
SRER,Sonoran SE,CRYSPP,CRYSPP.SRER,"Cryptantha spp., SRER",Native,Unknown,Forb,No
SRER,Sonoran SE,DeadStem,DeadStem,Dead stem,Unknown,Unknown,Forb,No
SRER,Sonoran SE,DEPI,DEPI,Descurainia pinnata,Native,Unknown,Forb,No
SRER,Sonoran SE,DICA8,DICA8,Digitaria californica,Native,Perennial,Grass,No
SRER,Sonoran SE,ERLE,ERLE,Eragrostis lehmanniana,Introduced,Perennial,Grass,No
SRER,Sonoran SE,ERPO4,ERPO4,Eriogonum polycladon,Native,Annual,Forb,No
SRER,Sonoran SE,ESCA2,ESCA2,Eschscholzia californica,Native,Unknown,Forb,No
SRER,Sonoran SE,EVAR,EVAR,Evolvulus arizonicus,Native,Perennial,Forb,No
SRER,Sonoran SE,GIST,GIST,Gilia stellata,Native,Annual,Forb,No
SRER,Sonoran SE,LAGL5,LAGL5,Layia glandulosa,Native,Annual,Forb,No
SRER,Sonoran SE,LEAU16,LEAU16,Leptosiphon aureus,Native,Annual,Forb,No
SRER,Sonoran SE,LUCO,LUCO,Lupinus concinnus,Native,Annual,Forb,No
SRER,Sonoran SE,LUPSPP,LUPSPP.SRER,"Lupinus spp., SRER",Unknown,Unknown,Forb,No
SRER,Sonoran SE,MAGR10,MAGR10,Machaeranthera gracilis,Native,Annual,Forb,No
SRER,Sonoran SE,MAGL3,MAGL3,Malacothrix glabrata,Native,Annual,Forb,No
SRER,Sonoran SE,MEAL6,MEAL6,Mentzelia albicaulis,Native,Annual,Forb,No
SRER,Sonoran SE,MENSPP,MENSPP.SRER,"Mentzelia spp., SRER",Native,Unknown,Forb,No
SRER,Sonoran SE,MOCE,MOCE,Mollugo cerviana,Introduced,Annual,Forb,No
SRER,Sonoran SE,PACA6,PACA6,Panicum capillare,Native,Annual,Grass,No
SRER,Sonoran SE,PLAR,PLAR,Plagiobothrys arizonicus,Native,Annual,Forb,No
SRER,Sonoran SE,PLASPP,PLASPP.SRER,"Plantago spp., SRER",Unknown,Unknown,Forb,No
SRER,Sonoran SE,PSCA11,PSCA11,Pseudognaphalium canescens,Native,Unknown,Forb,No
SRER,Sonoran SE,SATR12,SATR12,Salsola tragus,Introduced,Annual,Forb,No
SRER,Sonoran SE,SCPI3,SCPI3,Schkuhria pinnata,Unknown,Annual,Forb,No
SRER,Sonoran SE,SIAB,SIAB,Sida abutifolia,Introduced,Unknown,Forb,No
SRER,Sonoran SE,SINE,SINE,Sida neomexicana,Native,Perennial,Forb,No
SRER,Sonoran SE,SPEC2,SPEC2,Spermolepis echinata,Native,Annual,Forb,No
SRER,Sonoran SE,UNDPF,UNDPF.SRER,"Unknown dead pod forb, SRER",Unknown,Unknown,Forb,No
SRER,Sonoran SE,UNFO1,UNFO1.SRER,"Unknown forb (Patagonia and SRER are same); upright mustard with tiny blueish flower, SRER",Unknown,Unknown,Forb,No
SRER,Sonoran SE,UNFO6,UNFO6.SRER,"Unknown forb (SRER); Very small, long slender leaves, fuzzy, leaf toothed around margins. Possibly Heterotheca grandiflora, SRER",Unknown,Unknown,Forb,No
SRER,Sonoran SE,UNFO3,UNFO3.SRER,"Unknown forb (SRER); tiny reddish basal leaves, star-like petals, SRER",Unknown,Unknown,Forb,No
SRER,Sonoran SE,UNFO4,UNFO4.SRER,"Unknown forb (SRER); very hairy radiating out/up, fuzzy rosettes, SRER",Unknown,Unknown,Forb,No
SRER,Sonoran SE,UNFO_S_7,UNFO_S_7.SRER,"Unknown forb; ""artichoke head"", stem leaves alternate, basal rosette, possibly cryptantha? (Spring 2021), SRER",Unknown,Unknown,Forb,No
SRER,Sonoran SE,UNFO_S_3,UNFO_S_3.SRER,"Unknown forb; Fuzzy green penately arranged leaflets, partially pinated lobes ""thick poppy"" possibly an ambrosia (Spring 2021), SRER",Unknown,Unknown,Forb,No
SRER,Sonoran SE,UNFO_S_1,UNFO_S_1.SRER,"Unknown forb; Purple vine, sagitate leaves (Spring 2021), SRER",Unknown,Unknown,Forb,No
SRER,Sonoran SE,UNFO_S_5,UNFO_S_5.SRER,"Unknown forb; Silky hairy fuzzy, straight leaves, no prominent veination, pseudognaphalium? (Spring 2021), SRER",Unknown,Unknown,Forb,No
SRER,Sonoran SE,UNFO_S_4,UNFO_S_4.SRER,"Unknown forb; Super tiny, very spikey, pinately lobed, possible cryptantha or plagiobothrys (Spring 2021), SRER",Unknown,Unknown,Forb,No
SRER,Sonoran SE,UNGRS1,UNGRS1.SRER,"Unknown grass (Patagonia);Unk. grass seedling, bunchy, possible lovegrass?, SRER",Unknown,Unknown,Grass,No
SRER,Sonoran SE,UNGR_S_1,UNGR_S_1.SRER,"Unknown grass; Grass seedling short erose ligule slight chance ARPU because of 45 degree leaf or possibly a Vulpia sp. like VUOC (Spring 2021), SRER",Unknown,Unknown,Grass,No
SRER,Sonoran SE,VUOC,VUOC,Vulpia octoflora,Native,Annual,Grass,No
CRC,Utah,CHTE2,CHTE2,Chorispora tenella,Introduced,Annual,Forb,No
CRC,Utah,DEPI,DEPI,Descurainia pinnata,Native,Unknown,Forb,No
CRC,Utah,HAGL,HAGL,Halogeton glomeratus,Introduced,Annual,Forb,No
CRC,Utah,SATR12,SATR12,Salsola tragus,Introduced,Annual,Forb,No
CRC,Utah,UNFO2,UNFO2.CRC,"Unknown forb 2, CRC",Unknown,Unknown,Forb,No
CRC,Utah,UNFO3,UNFO3.CRC,"Unknown forb 3, CRC",Unknown,Unknown,Forb,No
Salt_Desert,Utah,BRTE,BRTE,Bromus tectorum,Introduced,Annual,Grass,No
Salt_Desert,Utah,DEPI,DEPI,Descurainia pinnata,Native,Unknown,Forb,No
Salt_Desert,Utah,ERCI6,ERCI6,Erodium cicutarium,Introduced,Annual,Forb,No
Salt_Desert,Utah,HAGL,HAGL,Halogeton glomeratus,Introduced,Annual,Forb,No
Salt_Desert,Utah,HEMU3,HEMU3,Heliomeris multiflora,Native,Perennial,Forb,No
Salt_Desert,Utah,LILE3,LILE3,Linum lewisii,Native,Perennial,Forb,No
Salt_Desert,Utah,SATR12,SATR12,Salsola tragus,Introduced,Annual,Forb,No
Salt_Desert,Utah,SIAL2,SIAL2,Sisymbrium altissimum,Introduced,Annual,Forb,No
Salt_Desert,Utah,SPGR2,SPGR2,Sphaeralcea grossulariifolia,Native,Perennial,Forb,No
Salt_Desert,Utah,UNFO4,UNFO4.Salt_Desert,"Unknown forb 4, Salt_Desert",Unknown,Unknown,Forb,No
Salt_Desert,Utah,UNFO.12166.assigned,UNFO.12166.assigned.Salt_Desert,"Unknown forb with assigned code, and manually entered, Salt_Desert",Unknown,Unknown,Forb,No
Salt_Desert,Utah,UNGR1,UNGR1.Salt_Desert,"Unknown grass 1, Salt_Desert",Unknown,Unknown,Grass,No
Salt_Desert,Utah,UNGR4,UNGR4.Salt_Desert,"Unknown grass 4, Salt_Desert",Unknown,Unknown,Grass,No
UtahPJ,Utah,ACHY,ACHY,Achnatherum hymenoides,Native,Perennial,Grass,No
UtahPJ,Utah,BRTE,BRTE,Bromus tectorum,Introduced,Annual,Grass,No
UtahPJ,Utah,CANU3,CANU3,Calochortus nuttallii,Native,Perennial,Forb,No
UtahPJ,Utah,CETE5,CETE5,Ceratocephala testiculata,Introduced,Annual,Forb,No
UtahPJ,Utah,CHIN2,CHIN2,Chenopodium incanum,Native,Annual,Forb,No
UtahPJ,Utah,CYAC,CYAC,Cymopterus acaulis,Native,Perennial,Forb,No
UtahPJ,Utah,DEPI,DEPI,Descurainia pinnata,Native,Unknown,Forb,No
UtahPJ,Utah,DRABA,DRABA.UtahPJ,"Draba spp., UtahPJ",Native/Unknown,Unknown,Forb,No
UtahPJ,Utah,Eriogonum sp.,Eriogonum sp..UtahPJ,"Erigonum spp., UtahPJ",Native,Unknown,Forb,No
UtahPJ,Utah,ERRA3,ERRA3,Eriogonum racemosum,Native,Perennial,Forb,No
UtahPJ,Utah,GUSA2,GUSA2,Gutierrezia sarothrae,Native,Perennial,Shrub,No
UtahPJ,Utah,HEBO,HEBO,Hedysarum boreale,Native,Perennial,Forb,No
UtahPJ,Utah,HECO26,HECO26,Hesperostipa comata,Native,Perennial,Grass,No
UtahPJ,Utah,MIGR,MIGR,Microsteris gracilis,Native,Annual,Forb,No
UtahPJ,Utah,PASM,PASM,Pascopyrum smithii,Native,Perennial,Grass,No
UtahPJ,Utah,PHLO2,PHLO2,Phlox longifolia,Native,Perennial,Forb,No
UtahPJ,Utah,PLPA2,PLPA2,Plantago patagonica,Native,Annual,Forb,No
UtahPJ,Utah,SATR12,SATR12,Salsola tragus,Introduced,Annual,Forb,No
UtahPJ,Utah,SPCO,SPCO,Sphaeralcea coccinea,Native,Perennial,Forb,No
UtahPJ,Utah,SPGR2,SPGR2,Sphaeralcea grossulariifolia,Native,Perennial,Forb,No
UtahPJ,Utah,SPSP,SPSP.UtahPJ,"Sphaeralcea spp., UtahPJ",Native/Unknown,Unknown,Forb,No
UtahPJ,Utah,SPCR,SPCR,Sporobolus cryptandrus,Native,Perennial,Grass,No
UtahPJ,Utah,ERIGSPP,ERIGSPP.UtahPJ,"Unknown ERIG (?), UtahPJ",Unknown,Unknown,Unknown,No
UtahPJ,Utah,UNFO10,UNFO10.UtahPJ,"Unknown forb 10, UtahPJ",Unknown,Unknown,Forb,No
UtahPJ,Utah,UNFO11,UNFO11.UtahPJ,"Unknown forb 11, UtahPJ",Unknown,Unknown,Forb,No
UtahPJ,Utah,UNFO2,UNFO2.UtahPJ,"Unknown forb 2, UtahPJ",Unknown,Unknown,Forb,No
UtahPJ,Utah,UNFO3,UNFO3.UtahPJ,"Unknown forb 3, UtahPJ",Unknown,Unknown,Forb,No
UtahPJ,Utah,UNFO4,UNFO4.UtahPJ,"Unknown forb 4, UtahPJ",Unknown,Unknown,Forb,No
UtahPJ,Utah,UNFO5,UNFO5.UtahPJ,"Unknown forb 5, UtahPJ",Unknown,Unknown,Forb,No
UtahPJ,Utah,UNFO6,UNFO6.UtahPJ,"Unknown forb 6, UtahPJ",Unknown,Unknown,Forb,No
UtahPJ,Utah,UNFO7,UNFO7.UtahPJ,"Unknown forb 7, UtahPJ",Unknown,Unknown,Forb,No
UtahPJ,Utah,UNFO8,UNFO8.UtahPJ,"Unknown forb 8, UtahPJ",Unknown,Unknown,Forb,No
UtahPJ,Utah,UNFO9,UNFO9.UtahPJ,"Unknown forb 9, UtahPJ",Unknown,Unknown,Forb,No
UtahPJ,Utah,UNGR1,UNGR1.UtahPJ,"Unknown grass 1, UtahPJ",Unknown,Unknown,Grass,No
UtahPJ,Utah,UNGR2,UNGR2.UtahPJ,"Unknown grass 2, UtahPJ",Unknown,Unknown,Grass,No
UtahPJ,Utah,UNGR3,UNGR3.UtahPJ,"Unknown grass 3, UtahPJ",Unknown,Unknown,Grass,No
UtahPJ,Utah,UNGR4,UNGR4.UtahPJ,"Unknown grass 4, UtahPJ",Unknown,Unknown,Grass,No
UtahPJ,Utah,UNGR,UNGR.UtahPJ,"Unknown grass, UtahPJ",Unknown,Unknown,Grass,No
